time,repp_2_gpv_f,location
1999,2.74854,19700
2000,2.65578,19700
2001,2.54124,19700
2002,2.48298,19700
2003,2.47658,19700
2004,2.43606,19700
2005,2.43976,19700
2006,2.44093,19700
2007,2.44219,19700
2008,2.39325,19700
2009,2.34125,19700
2010,2.29931,19700
2011,2.258,19700
2012,2.16901,19700
2013,2.07259,19700
2014,1.95544,19700
1999,4.21186,19710
2000,4.12234,19710
2001,3.94203,19710
2002,3.79333,19710
2003,3.67276,19710
2004,3.73545,19710
2005,3.81456,19710
2006,3.90832,19710
2007,3.78704,19710
2008,3.92047,19710
2009,3.7551,19710
2010,3.76257,19710
2011,3.67082,19710
2012,3.49445,19710
2013,3.33851,19710
2014,3.48676,19710
1999,3.81385,40030
2000,3.74021,40030
2001,3.55198,40030
2002,3.40555,40030
2003,3.23433,40030
2004,3.31818,40030
2005,3.39412,40030
2006,3.46617,40030
2007,3.34115,40030
2008,3.48185,40030
2009,3.26061,40030
2010,3.2279,40030
2011,3.1081,40030
2012,2.8708,40030
2013,2.65508,40030
2014,2.78244,40030
1999,3.29577,40041
2000,3.19314,40041
2001,3.11226,40041
2002,3.04599,40041
2003,3.07214,40041
2004,3.05229,40041
2005,3.08035,40041
2006,3.13844,40041
2007,3.06569,40041
2008,2.91971,40041
2009,2.91679,40041
2010,2.91004,40041
2011,2.84342,40041
2012,2.79395,40041
2013,2.6373,40041
2014,2.51759,40041
1999,4.11772,40042
2000,4.01524,40042
2001,3.92215,40042
2002,3.78934,40042
2003,3.81048,40042
2004,3.91471,40042
2005,3.97953,40042
2006,3.9539,40042
2007,3.93416,40042
2008,3.94589,40042
2009,3.68064,40042
2010,3.53617,40042
2011,3.32687,40042
2012,2.91848,40042
2013,2.51303,40042
2014,2.75359,40042
1999,3.56122,40043
2000,3.51431,40043
2001,3.25201,40043
2002,3.09078,40043
2003,2.73615,40043
2004,2.78558,40043
2005,2.8481,40043
2006,2.98905,40043
2007,2.71777,40043
2008,2.97761,40043
2009,2.79569,40043
2010,2.86513,40043
2011,2.83716,40043
2012,2.80876,40043
2013,2.84602,40043
2014,2.82292,40043
1999,10.53556,40044
2000,10.21267,40044
2001,10.02412,40044
2002,9.72114,40044
2003,10.40405,40044
2004,9.66452,40044
2005,9.2685,40044
2006,9.01725,40044
2007,9.03704,40044
2008,9.01828,40044
2009,9.09373,40044
2010,9.22252,40044
2011,9.25477,40044
2012,9.31443,40044
2013,9.916,40044
2014,10.13659,40044
1999,4.17508,40061
2000,4.00944,40061
2001,3.81125,40061
2002,3.75163,40061
2003,3.70721,40061
2004,3.59763,40061
2005,3.55301,40061
2006,3.54758,40061
2007,3.54087,40061
2008,3.45404,40061
2009,3.36069,40061
2010,3.29613,40061
2011,3.23657,40061
2012,3.08496,40061
2013,2.94376,40061
2014,2.7724,40061
1999,0.24376,40063
2000,0.24356,40063
2001,0.20425,40063
2002,0.1877,40063
2003,0.17845,40063
2004,0.16735,40063
2005,0.16954,40063
2006,0.15979,40063
2007,0.15679,40063
2008,0.16356,40063
2009,0.16142,40063
2010,0.14723,40063
2011,0.26244,40063
2012,0.23764,40063
2013,0.19209,40063
2014,0.09822,40063
1999,3.87147,40070
2000,3.79198,40070
2001,3.63925,40070
2002,3.52114,40070
2003,3.43324,40070
2004,3.48625,40070
2005,3.56209,40070
2006,3.64419,40070
2007,3.55245,40070
2008,3.65906,40070
2009,3.51632,40070
2010,3.52215,40070
2011,3.44471,40070
2012,3.28303,40070
2013,3.14084,40070
2014,3.24662,40070
1999,0.63243,40313
2000,0.6041,40313
2001,0.58443,40313
2002,0.58448,40313
2003,0.57803,40313
2004,0.5788,40313
2005,0.61601,40313
2006,0.6734,40313
2007,0.69499,40313
2008,0.61665,40313
2009,0.55595,40313
2010,0.47862,40313
2011,0.39743,40313
2012,0.31704,40313
2013,0.24273,40313
2014,0.41301,40313
1999,6.21441,40314
2000,6.15913,40314
2001,6.20576,40314
2002,6.13689,40314
2003,5.8977,40314
2004,5.7308,40314
2005,5.79671,40314
2006,5.86035,40314
2007,5.69022,40314
2008,5.52842,40314
2009,5.62166,40314
2010,5.65829,40314
2011,5.74217,40314
2012,5.79398,40314
2013,5.54725,40314
2014,5.43498,40314
1999,10.19011,40322
2000,10.36549,40322
2001,9.77679,40322
2002,9.29241,40322
2003,8.88841,40322
2004,8.86278,40322
2005,8.64152,40322
2006,8.75445,40322
2007,6.60597,40322
2008,8.26282,40322
2009,7.33387,40322
2010,8.02238,40322
2011,7.42423,40322
2012,7.2969,40322
2013,7.98224,40322
2014,8.18219,40322
1999,1.95786,40326
2000,1.89878,40326
2001,1.78577,40326
2002,1.60309,40326
2003,1.44844,40326
2004,1.31084,40326
2005,1.30509,40326
2006,1.29444,40326
2007,1.24209,40326
2008,1.27688,40326
2009,1.23119,40326
2010,0.98391,40326
2011,1.07073,40326
2012,1.17554,40326
2013,1.14755,40326
2014,1.11227,40326
1999,0.24411,40327
2000,0.231,40327
2001,0.21729,40327
2002,0.2038,40327
2003,0.18974,40327
2004,0.17765,40327
2005,0.16525,40327
2006,0.15259,40327
2007,0.14075,40327
2008,0.12078,40327
2009,0.10081,40327
2010,0.08871,40327
2011,0.08562,40327
2012,0.06543,40327
2013,0.04605,40327
2014,0.04061,40327
1999,11.51216,40336
2000,11.79565,40336
2001,11.47117,40336
2002,11.0745,40336
2003,11.54881,40336
2004,11.82825,40336
2005,11.13541,40336
2006,11.56534,40336
2007,7.52687,40336
2008,10.72233,40336
2009,9.04027,40336
2010,10.37029,40336
2011,9.28838,40336
2012,9.41595,40336
2013,10.42208,40336
2014,10.66442,40336
1999,5.17577,40345
2000,5.02206,40345
2001,4.78607,40345
2002,4.60228,40345
2003,4.42705,40345
2004,4.63183,40345
2005,4.59252,40345
2006,4.57539,40345
2007,4.53581,40345
2008,4.40044,40345
2009,3.77958,40345
2010,3.44941,40345
2011,3.13943,40345
2012,2.45812,40345
2013,1.71943,40345
2014,1.70045,40345
1999,5.17577,40346
2000,5.02206,40346
2001,4.78607,40346
2002,4.60228,40346
2003,4.42705,40346
2004,4.63183,40346
2005,4.59252,40346
2006,4.57539,40346
2007,4.53581,40346
2008,4.40044,40346
2009,3.77958,40346
2010,3.44941,40346
2011,3.13943,40346
2012,2.45812,40346
2013,1.71943,40346
2014,1.70045,40346
1999,1.64285,40347
2000,1.59854,40347
2001,1.6066,40347
2002,1.62442,40347
2003,1.61528,40347
2004,1.58265,40347
2005,1.73596,40347
2006,1.87743,40347
2007,1.87725,40347
2008,1.6563,40347
2009,1.48154,40347
2010,1.23882,40347
2011,0.98104,40347
2012,0.75666,40347
2013,0.55175,40347
2014,0.9616,40347
1999,13.17407,40350
2000,12.95619,40350
2001,12.302,40350
2002,11.58243,40350
2003,11.48752,40350
2004,11.43001,40350
2005,11.25408,40350
2006,10.98226,40350
2007,10.97364,40350
2008,10.95079,40350
2009,11.00322,40350
2010,11.14712,40350
2011,10.99215,40350
2012,10.9987,40350
2013,11.52619,40350
2014,12.01743,40350
1999,8.04242,40354
2000,7.66404,40354
2001,6.5876,40354
2002,5.95929,40354
2003,5.00518,40354
2004,4.56487,40354
2005,4.85275,40354
2006,4.78112,40354
2007,4.74109,40354
2008,4.78669,40354
2009,4.65237,40354
2010,4.28778,40354
2011,4.41971,40354
2012,4.39054,40354
2013,4.01615,40354
2014,3.94854,40354
1999,3.87156,40355
2000,3.79158,40355
2001,3.63885,40355
2002,3.52049,40355
2003,3.43254,40355
2004,3.48558,40355
2005,3.56127,40355
2006,3.64336,40355
2007,3.55165,40355
2008,3.6581,40355
2009,3.51596,40355
2010,3.52164,40355
2011,3.44453,40355
2012,3.28291,40355
2013,3.14084,40355
2014,3.24673,40355
1999,0.82777,40358
2000,0.70364,40358
2001,0.56644,40358
2002,0.52183,40358
2003,0.50556,40358
2004,0.67177,40358
2005,0.64438,40358
2006,0.62765,40358
2007,0.59857,40358
2008,0.56023,40358
2009,0.4981,40358
2010,0.46328,40358
2011,0.4204,40358
2012,0.62451,40358
2013,0.61729,40358
1999,12.78965,40359
2000,12.58993,40359
2001,11.98132,40359
2002,11.26294,40359
2003,11.16044,40359
2004,11.11141,40359
2005,10.9661,40359
2006,10.71337,40359
2007,10.72071,40359
2008,10.69355,40359
2009,10.74247,40359
2010,10.88781,40359
2011,10.75514,40359
2012,10.75201,40359
2013,11.23489,40359
2014,11.7187,40359
1999,6.21155,40360
2000,6.15417,40360
2001,6.20147,40360
2002,6.13204,40360
2003,5.89473,40360
2004,5.72881,40360
2005,5.79296,40360
2006,5.85572,40360
2007,5.68486,40360
2008,5.52462,40360
2009,5.61787,40360
2010,5.6512,40360
2011,5.73615,40360
2012,5.78702,40360
2013,5.5422,40360
2014,5.43177,40360
1999,0.24252,40365
2000,0.24625,40365
2001,0.20989,40365
2002,0.19131,40365
2003,0.18035,40365
2004,0.17006,40365
2005,0.1662,40365
2006,0.16371,40365
2007,0.16014,40365
2008,0.16773,40365
2009,0.16556,40365
2010,0.15069,40365
2011,0.26919,40365
2012,0.24373,40365
2013,0.19704,40365
2014,0.1007,40365
1999,3.87156,40366
2000,3.79158,40366
2001,3.63885,40366
2002,3.52049,40366
2003,3.43254,40366
2004,3.48558,40366
2005,3.56127,40366
2006,3.64336,40366
2007,3.55165,40366
2008,3.6581,40366
2009,3.51596,40366
2010,3.52164,40366
2011,3.44453,40366
2012,3.28291,40366
2013,3.14084,40366
2014,3.24673,40366
1999,12.30223,40368
2000,12.28658,40368
2001,11.79112,40368
2002,11.19499,40368
2003,11.29479,40368
2004,11.34754,40368
2005,11.01955,40368
2006,10.97016,40368
2007,9.75669,40368
2008,10.70174,40368
2009,10.26684,40368
2010,10.75289,40368
2011,10.38591,40368
2012,10.43002,40368
2013,11.04269,40368
2014,11.47341,40368
1999,2.93586,40369
2000,2.83199,40369
2001,2.7664,40369
2002,2.77473,40369
2003,2.73202,40369
2004,2.63676,40369
2005,2.63804,40369
2006,2.68191,40369
2007,2.66387,40369
2008,2.67449,40369
2009,2.66342,40369
2010,2.63257,40369
2011,2.63265,40369
2012,2.66575,40369
2013,2.58528,40369
2014,2.47972,40369
1999,7.49294,40370
2000,7.44042,40370
2001,7.51907,40370
2002,7.4365,40370
2003,7.26576,40370
2004,7.07551,40370
2005,7.16897,40370
2006,7.28489,40370
2007,7.10814,40370
2008,6.852,40370
2009,6.94899,40370
2010,6.99916,40370
2011,7.13938,40370
2012,7.17912,40370
2013,6.84669,40370
2014,6.80434,40370
1999,2.49836,40371
2000,2.40807,40371
2001,2.23746,40371
2002,2.15463,40371
2003,2.08548,40371
2004,2.15265,40371
2005,2.2457,40371
2006,2.30656,40371
2007,2.36721,40371
2008,2.32539,40371
2009,2.0628,40371
2010,1.91613,40371
2011,1.81028,40371
2012,1.50412,40371
2013,1.15381,40371
2014,1.22022,40371
1999,2.83993,40372
2000,2.73396,40372
2001,2.59397,40372
2002,2.50237,40372
2003,2.49872,40372
2004,2.46944,40372
2005,2.4832,40372
2006,2.4528,40372
2007,2.44518,40372
2008,2.39159,40372
2009,2.34458,40372
2010,2.31022,40372
2011,2.23731,40372
2012,2.11856,40372
2013,1.96774,40372
2014,1.80978,40372
1999,1.01381,40387
2000,0.95729,40387
2001,0.85279,40387
2002,0.72476,40387
2003,0.64289,40387
2004,0.57687,40387
2005,0.52298,40387
2006,0.46872,40387
2007,0.42545,40387
2008,0.39712,40387
2009,0.36795,40387
2010,0.33686,40387
2011,0.35408,40387
2012,0.31632,40387
2013,0.266,40387
2014,0.19712,40387
1999,3.36626,40388
2000,3.2504,40388
2001,3.11134,40388
2002,3.06024,40388
2003,3.04392,40388
2004,2.98391,40388
2005,2.95185,40388
2006,2.95936,40388
2007,2.96242,40388
2008,2.90347,40388
2009,2.84069,40388
2010,2.79246,40388
2011,2.74432,40388
2012,2.62747,40388
2013,2.52126,40388
2014,2.39333,40388
1999,4.34867,40389
2000,4.2544,40389
2001,4.07726,40389
2002,3.92085,40389
2003,3.79298,40389
2004,3.85273,40389
2005,3.93267,40389
2006,4.02752,40389
2007,3.89835,40389
2008,4.03133,40389
2009,3.85637,40389
2010,3.85875,40389
2011,3.75554,40389
2012,3.57339,40389
2013,3.41182,40389
2014,3.56494,40389
1999,4.17486,40500
2000,4.00924,40500
2001,3.81105,40500
2002,3.75145,40500
2003,3.70702,40500
2004,3.59744,40500
2005,3.55283,40500
2006,3.5474,40500
2007,3.54068,40500
2008,3.45384,40500
2009,3.3605,40500
2010,3.29594,40500
2011,3.23638,40500
2012,3.0848,40500
2013,2.94362,40500
2014,2.7723,40500
1999,0.24376,40505
2000,0.24356,40505
2001,0.20425,40505
2002,0.1877,40505
2003,0.17845,40505
2004,0.16735,40505
2005,0.16954,40505
2006,0.15979,40505
2007,0.15679,40505
2008,0.16356,40505
2009,0.16142,40505
2010,0.14723,40505
2011,0.26244,40505
2012,0.23764,40505
2013,0.19209,40505
2014,0.09822,40505
1999,3.87156,40510
2000,3.79158,40510
2001,3.63885,40510
2002,3.52049,40510
2003,3.43254,40510
2004,3.48558,40510
2005,3.56127,40510
2006,3.64336,40510
2007,3.55165,40510
2008,3.6581,40510
2009,3.51596,40510
2010,3.52164,40510
2011,3.44453,40510
2012,3.28291,40510
2013,3.14084,40510
2014,3.24673,40510
1999,0.63839,40515
2000,0.60897,40515
2001,0.58848,40515
2002,0.58763,40515
2003,0.58037,40515
2004,0.58133,40515
2005,0.61895,40515
2006,0.67681,40515
2007,0.69867,40515
2008,0.62026,40515
2009,0.56075,40515
2010,0.48411,40515
2011,0.40324,40515
2012,0.32242,40515
2013,0.24775,40515
2014,0.41765,40515
1999,6.21113,40520
2000,6.15375,40520
2001,6.20105,40520
2002,6.13165,40520
2003,5.89433,40520
2004,5.72842,40520
2005,5.79257,40520
2006,5.85537,40520
2007,5.68452,40520
2008,5.52429,40520
2009,5.61752,40520
2010,5.65085,40520
2011,5.7358,40520
2012,5.78668,40520
2013,5.54189,40520
2014,5.43148,40520
1999,10.19011,40525
2000,10.36549,40525
2001,9.77679,40525
2002,9.29241,40525
2003,8.88841,40525
2004,8.86278,40525
2005,8.64152,40525
2006,8.75445,40525
2007,6.60597,40525
2008,8.26282,40525
2009,7.33387,40525
2010,8.02238,40525
2011,7.42423,40525
2012,7.2969,40525
2013,7.98224,40525
2014,8.18219,40525
1999,1.95786,40530
2000,1.89878,40530
2001,1.78577,40530
2002,1.60309,40530
2003,1.44844,40530
2004,1.31084,40530
2005,1.30509,40530
2006,1.29444,40530
2007,1.24209,40530
2008,1.27688,40530
2009,1.23119,40530
2010,0.98391,40530
2011,1.07073,40530
2012,1.17554,40530
2013,1.14755,40530
2014,1.11227,40530
1999,5.17577,40535
2000,5.02206,40535
2001,4.78607,40535
2002,4.60228,40535
2003,4.42705,40535
2004,4.63183,40535
2005,4.59252,40535
2006,4.57539,40535
2007,4.53581,40535
2008,4.40044,40535
2009,3.77958,40535
2010,3.44941,40535
2011,3.13943,40535
2012,2.45812,40535
2013,1.71943,40535
2014,1.70045,40535
1999,13.17407,40540
2000,12.95619,40540
2001,12.302,40540
2002,11.58243,40540
2003,11.48752,40540
2004,11.43001,40540
2005,11.25408,40540
2006,10.98226,40540
2007,10.97364,40540
2008,10.95079,40540
2009,11.00322,40540
2010,11.14712,40540
2011,10.99215,40540
2012,10.9987,40540
2013,11.52619,40540
2014,12.01743,40540
1999,10.11315,abw
2000,10.20408,abw
2001,8.23373,abw
2002,9.17255,abw
2003,10.85271,abw
2004,12.29404,abw
2005,10.74589,abw
2007,5.26316,abw
2009,6.51907,abw
2013,8.68794,abw
2014,8.86586,abw
2008,17.51837,ago
2009,16.12189,ago
2000,5.85308,alb
2001,5.81727,alb
2003,3.68534,alb
2007,1.56712,alb
2008,1.4316,alb
2009,1.04631,alb
2010,1.08986,alb
2011,1.0165,alb
2012,0.83859,alb
2013,0.76408,alb
2014,0.74656,alb
2007,8.34586,and
2008,7.95715,and
2009,7.24409,and
2010,5.63595,and
2011,5.10733,and
2012,5.53633,and
2013,4.77816,and
2014,4.86787,and
2000,4.39678,are
2001,3.19047,are
2002,3.44076,are
2003,3.16983,are
2004,2.73205,are
2005,2.40859,are
2006,2.21134,are
2007,2.33162,are
2009,1.91015,are
2010,1.95618,are
2011,1.48523,are
2012,1.43148,are
2013,0.83495,are
2014,0.61734,are
1999,6.80209,arg
2000,6.45236,arg
2001,6.70835,arg
2002,6.05735,arg
2003,6.82195,arg
2004,7.51453,arg
2005,8.51748,arg
2006,10.75581,arg
2007,11.01411,arg
2008,9.71421,arg
2009,10.12319,arg
2010,10.5941,arg
2011,10.11739,arg
2012,10.5523,arg
2013,9.64408,arg
2002,0.12967,arm
2003,0.13259,arm
2004,0.14004,arm
2005,0.11734,arm
2006,0.17816,arm
2007,0.1864,arm
2008,0.07872,arm
2009,0.16044,arm
2014,0.27639,arm
2008,14.17611,atg
2009,12.3608,atg
2010,7.75311,atg
2012,4.42011,atg
2014,10.32695,atg
2011,1.55893,aut
2012,1.43799,aut
2013,1.74347,aut
2014,1.871,aut
1999,0.85753,aze
2000,0.92302,aze
2001,0.77713,aze
2002,0.63023,aze
2003,0.55395,aze
2004,0.50729,aze
2005,0.51211,aze
2006,0.4789,aze
2007,0.46965,aze
2008,0.60804,aze
2009,0.6566,aze
2010,0.60206,aze
2011,1.96554,aze
2012,1.70633,aze
2013,1.41001,aze
2014,0.40849,aze
2004,23.77243,bdi
2005,26.34514,bdi
2006,29.22279,bdi
2008,26.82921,bdi
2009,27.14188,bdi
2010,26.90987,bdi
2011,26.09439,bdi
2012,25.56747,bdi
2013,22.35824,bdi
2014,20.72194,bdi
2006,5.17461,bel
2007,5.54853,bel
2008,6.01631,bel
2009,5.85351,bel
2010,6.92576,bel
2011,7.06817,bel
2012,6.42281,bel
2013,6.84029,bel
2014,5.72631,bel
2000,21.73797,ben
2001,21.43723,ben
2006,16.99992,ben
2011,23.92464,ben
2013,23.44729,ben
2014,23.54377,ben
2000,28.40758,bfa
2001,27.15149,bfa
2003,29.25744,bfa
2005,25.50667,bfa
2006,26.0847,bfa
2007,27.94927,bfa
2008,28.13823,bfa
2009,28.29986,bfa
2010,26.7208,bfa
2012,26.13334,bfa
2013,23.91865,bfa
2014,23.29018,bfa
1999,3.15725,bgd
2000,3.15391,bgd
2001,3.12869,bgd
2002,3.11775,bgd
2003,3.26136,bgd
2004,5.6642,bgd
2005,6.00744,bgd
2006,6.62409,bgd
2007,6.55747,bgd
2009,3.69664,bgd
2010,3.17555,bgd
2011,3.45188,bgd
2013,2.91354,bgd
1999,2.13856,bgr
2001,1.5029,bgr
2002,1.62304,bgr
2003,1.71183,bgr
2004,1.76167,bgr
2005,2.01706,bgr
2006,2.03971,bgr
2007,2.15734,bgr
2008,2.36641,bgr
2009,2.41983,bgr
2010,2.14322,bgr
2011,1.87035,bgr
2012,1.7181,bgr
2013,1.7586,bgr
2014,1.96656,bgr
1999,6.45046,bhr
2000,6.02381,bhr
2001,6.33949,bhr
2002,5.08246,bhr
2003,2.71965,bhr
2004,3.47582,bhr
2005,3.27071,bhr
2006,2.21355,bhr
2008,1.82464,bhr
2009,2.49951,bhr
2011,1.6365,bhr
2012,2.36326,bhr
2013,1.57356,bhr
2014,0.78007,bhr
2010,0.88804,bhs
2010,0.15716,bih
2011,0.13255,bih
2012,0.15473,bih
2013,0.13798,bih
2014,0.18413,bih
1999,0.47727,blr
2000,0.46157,blr
2001,0.41578,blr
2002,0.34743,blr
2003,0.25406,blr
2004,0.06992,blr
2005,0.05255,blr
2006,0.03633,blr
2007,0.01231,blr
2008,0.00907,blr
2009,0.00777,blr
2011,0.00587,blr
2012,0.00546,blr
2013,0.01417,blr
2014,0.00551,blr
1999,7.67146,blz
2000,7.93947,blz
2001,6.29872,blz
2003,6.48219,blz
2004,5.25055,blz
2005,5.7207,blz
2006,5.55847,blz
2007,6.28915,blz
2008,6.13912,blz
2009,4.73439,blz
2010,4.83834,blz
2011,5.19529,blz
2012,4.3705,blz
2013,3.66191,blz
2014,4.58418,blz
1999,2.29891,bol
2000,3.21515,bol
2001,3.02021,bol
2002,2.75516,bol
2003,2.66355,bol
2004,2.60511,bol
2006,1.6034,bol
2007,2.78967,bol
2008,1.17104,bol
2009,4.90669,bol
2010,4.93031,bol
2011,4.9692,bol
2012,3.64542,bol
2013,4.65778,bol
2004,4.95059,brn
2005,5.34499,brn
2006,5.01837,brn
2007,5.3033,brn
2008,3.90501,brn
2009,2.77876,brn
2010,0.71619,brn
2011,0.57536,brn
2012,0.73121,brn
2013,0.83943,brn
2014,1.31579,brn
1999,14.74395,btn
2000,12.14622,btn
2001,12.58795,btn
2006,5.10569,btn
2008,6.24148,btn
2009,4.95905,btn
2010,4.27412,btn
2011,3.34179,btn
2012,3.49076,btn
2013,3.93783,btn
2014,4.35003,btn
1999,0.62244,bwa
2000,0.61977,bwa
2001,0.62039,bwa
2002,0.87634,bwa
2003,0.71807,bwa
2004,0.71601,bwa
2005,0.54568,bwa
2006,0.36952,bwa
2007,0.26999,bwa
2008,0.51101,bwa
2012,0.25896,bwa
2013,0.25537,bwa
2005,19.21434,caf
2009,18.12522,caf
2012,14.66744,caf
1999,1.98654,che
2004,1.55432,che
2005,1.566,che
2008,1.59754,che
2009,1.62897,che
2010,1.60669,che
2011,1.38902,che
2012,1.36491,che
2013,1.32904,che
2014,1.35043,che
2011,5.04915,chl
2012,5.18761,chl
2013,4.16833,chl
2014,3.97694,chl
2007,0.13537,chn
2008,0.11508,chn
2009,0.09176,chn
2010,0.07814,chn
2011,0.0749,chn
2013,0.03516,chn
2014,0.03005,chn
2000,15.88964,civ
2001,14.62406,civ
2002,14.60291,civ
2006,10.66669,civ
2007,9.81553,civ
2008,9.7016,civ
2009,12.95725,civ
2011,14.2293,civ
2012,12.60888,civ
2013,13.53172,civ
2014,14.95231,civ
2006,17.40482,cmr
2007,16.59948,cmr
2008,15.38766,cmr
2009,16.32725,cmr
2011,11.34519,cmr
2013,11.18072,cmr
2014,17.31671,cmr
2012,11.48298,cod
2013,10.5175,cod
2014,9.98527,cod
2000,34.62441,cog
2001,22.38798,cog
2002,35.51616,cog
2003,31.64322,cog
2004,25.03576,cog
2008,24.58487,cog
2009,25.41233,cog
2010,25.89785,cog
2012,17.45766,cog
2001,4.25192,col
2002,4.32046,col
2004,2.44116,col
2005,2.42167,col
2006,2.28399,col
2007,2.22805,col
2008,2.31144,col
2009,1.99411,col
2010,1.89057,col
2011,3.61601,col
2012,3.55764,col
2013,2.22379,col
2014,2.27169,col
2002,18.03603,com
2003,17.49121,com
2004,16.79427,com
2013,12.4132,com
2003,18.81882,cpv
2004,18.57209,cpv
2005,21.37294,cpv
2006,20.04758,cpv
2007,20.54105,cpv
2008,20.70064,cpv
2009,21.01732,cpv
2010,21.65141,cpv
2011,20.65529,cpv
2012,21.59444,cpv
2013,21.42391,cpv
2014,20.52132,cpv
1999,10.33386,cri
2000,7.97921,cri
2001,8.77487,cri
2002,9.21202,cri
2004,8.31064,cri
2005,9.63086,cri
2006,9.68317,cri
2007,10.58197,cri
2008,10.00631,cri
2009,11.80902,cri
2010,12.92543,cri
2011,13.99512,cri
2012,13.90896,cri
2013,10.381,cri
2014,10.19698,cri
1999,1.28185,cub
2000,0.81547,cub
2001,0.76736,cub
2002,0.9873,cub
2003,0.97082,cub
2004,0.61572,cub
2005,0.27512,cub
2006,0.27686,cub
2007,0.23387,cub
2008,0.19738,cub
2009,0.11964,cub
2010,0.15469,cub
2011,0.54213,cub
2012,0.47792,cub
2013,0.65038,cub
2014,0.87157,cub
1999,1.47021,cyp
2000,1.11661,cyp
2001,0.96664,cyp
2002,1.12768,cyp
2003,0.71825,cyp
2004,0.90501,cyp
2005,0.71793,cyp
2006,0.5811,cyp
2007,0.59134,cyp
2008,0.41315,cyp
2009,0.33963,cyp
2010,0.36371,cyp
2011,0.55779,cyp
2012,0.60233,cyp
2013,0.58563,cyp
2014,0.47055,cyp
2002,0.83732,cze
2003,0.81456,cze
2004,0.80866,cze
2005,0.74365,cze
2006,0.67168,cze
2007,0.65621,cze
2008,0.76715,cze
2009,0.81392,cze
2010,0.85704,cze
2011,0.80067,cze
2012,0.71904,cze
2013,0.8055,cze
2014,0.37515,cze
2004,2.89301,deu
2005,2.73629,deu
2007,2.66106,deu
2008,2.51862,deu
2011,2.03623,deu
2012,1.89678,deu
2013,1.97558,deu
2014,1.93429,deu
1999,9.43093,dji
2000,8.73704,dji
2002,6.30663,dji
2005,8.4094,dji
2006,7.52475,dji
2007,7.30499,dji
2008,6.12162,dji
2009,5.67737,dji
2011,5.71736,dji
2012,7.65221,dji
2014,7.59961,dji
2015,6.00165,dji
2003,7.21519,dma
2004,7.24638,dma
2005,9.17471,dma
2006,13.30749,dma
2007,7.80985,dma
2008,9.62963,dma
2009,15.21127,dma
2010,10.91748,dma
2011,8.46154,dma
2012,5.52677,dma
2013,5.86207,dma
2014,5.68828,dma
2008,0.80094,dnk
2009,0.59347,dnk
2010,0.43142,dnk
2011,0.36739,dnk
2012,1.05609,dnk
2013,1.0701,dnk
2014,0.99728,dnk
1999,1.89304,dom
2000,1.8826,dom
2002,2.45718,dom
2004,2.32634,dom
2005,2.31567,dom
2007,1.73497,dom
2008,1.07982,dom
2009,5.10784,dom
2010,5.72696,dom
2011,2.80525,dom
2012,3.15319,dom
2013,3.19675,dom
2014,3.36982,dom
1999,16.63052,dza
2000,19.37931,dza
2001,18.3941,dza
2002,16.57125,dza
2003,18.54112,dza
2004,19.66657,dza
2005,17.45403,dza
2006,19.94516,dza
2007,4.86697,dza
2008,16.39178,dza
2009,11.15076,dza
2010,16.07747,dza
2011,13.23591,dza
2012,12.4501,dza
2013,14.44011,dza
2014,14.65174,dza
1999,4.25165,ecu
2000,3.80326,ecu
2001,3.72658,ecu
2002,3.36634,ecu
2003,3.20025,ecu
2004,3.23431,ecu
2005,3.15114,ecu
2006,3.3249,ecu
2007,3.2502,ecu
2010,2.85677,ecu
2011,2.24486,ecu
2012,2.35356,ecu
2013,2.1858,ecu
2014,2.16317,ecu
2003,7.45618,egy
2004,7.54374,egy
2009,6.54182,egy
2013,7.81326,egy
2014,8.25163,egy
1999,24.16183,eri
2000,25.77515,eri
2001,25.19225,eri
2002,24.20169,eri
2003,29.85066,eri
2004,17.68243,eri
2006,14.90739,eri
2007,15.49661,eri
2008,13.77085,eri
2009,14.29173,eri
2010,12.02749,eri
2011,8.78142,eri
2012,10.78838,eri
2013,16.24311,eri
2009,11.91266,esp
2010,11.61659,esp
2014,8.33895,esp
1999,3.10863,est
2000,3.36815,est
2001,3.57682,est
2002,2.93699,est
2004,3.44295,est
2005,2.75802,est
2006,4.2592,est
2008,2.96485,est
2009,2.28247,est
2010,2.06911,est
2011,2.52598,est
2012,2.20309,est
2013,2.25853,est
1999,22.85415,eth
2005,9.56614,eth
2008,9.03637,eth
2009,9.46247,eth
2010,11.02339,eth
2012,8.69556,eth
2014,8.76878,eth
2004,0.47115,fin
2005,0.42502,fin
2007,0.47205,fin
2009,0.40715,fin
2010,0.43851,fin
2011,0.42766,fin
2012,0.50423,fin
2013,0.47123,fin
2014,0.45585,fin
2003,1.35647,fji
2004,1.37974,fji
2008,1.02353,fji
2009,0.72716,fji
2011,0.161,fji
2012,0.07481,fji
2013,0.03855,fji
2007,5.28619,fra
2008,4.5781,fra
2009,4.00414,fra
2010,3.46404,fra
2011,3.20201,fra
2012,2.74543,fra
2013,2.45363,fra
2014,1.91783,fra
2000,0.27042,geo
2001,0.11024,geo
2002,0.16209,geo
2003,0.15125,geo
2004,0.18517,geo
2005,0.22002,geo
2008,0.25838,geo
2009,0.06967,geo
2010,0.19102,geo
2012,0.30995,geo
2013,0.30907,geo
2014,0.83588,geo
1999,2.27234,gha
2000,2.95714,gha
2001,3.05556,gha
2002,3.05221,gha
2003,3.28489,gha
2004,4.21631,gha
2005,5.0038,gha
2008,4.76605,gha
2009,1.93074,gha
2011,3.5893,gha
2012,3.86419,gha
2014,6.037,gha
2015,2.29214,gha
2000,21.39,gin
2001,19.7203,gin
2003,17.95101,gin
2004,14.09525,gin
2005,13.80501,gin
2006,11.73362,gin
2007,12.40588,gin
2009,19.83365,gin
2010,16.00878,gin
2011,15.08207,gin
2012,21.52218,gin
2013,25.24116,gin
2014,24.82112,gin
1999,2.80301,gmb
2000,2.31455,gmb
2001,4.18959,gmb
2002,4.01788,gmb
2003,3.79342,gmb
2004,5.42868,gmb
2005,4.8605,gmb
2006,3.02448,gmb
2007,3.52351,gmb
2008,3.83185,gmb
2009,3.44781,gmb
2010,3.35097,gmb
2011,3.52045,gmb
2012,2.76479,gmb
2013,3.45112,gmb
2014,3.41141,gmb
2000,21.56171,gnb
2010,16.09095,gnb
2000,32.41789,gnq
2005,19.58822,gnq
2011,13.06021,gnq
2012,12.24153,gnq
2005,2.56016,grc
2006,2.40051,grc
2007,2.28956,grc
2010,2.11586,grc
2011,2.33783,grc
2012,2.24547,grc
2013,2.2159,grc
2002,7.74154,grd
2003,7.58784,grd
2005,3.63304,grd
2007,7.04038,grd
2009,7.12175,grd
2014,3.29429,grd
1999,3.09957,gtm
2000,3.07737,gtm
2001,2.91335,gtm
2002,2.61301,gtm
2004,2.6118,gtm
2005,2.61159,gtm
2006,1.99825,gtm
2007,2.28648,gtm
2008,2.61608,gtm
2009,2.5154,gtm
2010,2.23218,gtm
2011,2.17927,gtm
2012,4.30036,gtm
2013,3.40904,gtm
2014,3.11033,gtm
1999,7.46504,guy
2000,8.59129,guy
2001,5.703,guy
2008,10.67726,guy
2009,9.75813,guy
2010,8.92049,guy
2003,1.51059,hkg
2004,1.59562,hkg
2005,1.77245,hkg
2006,1.9822,hkg
2007,2.08963,hkg
2008,1.96142,hkg
2009,2.3655,hkg
2010,2.61191,hkg
2011,2.76671,hkg
2012,2.62047,hkg
2013,2.45249,hkg
2014,2.51015,hkg
2005,4.66751,hnd
2007,3.55347,hnd
2012,3.52454,hnd
2013,3.83547,hnd
2014,2.68184,hnd
1999,0.34745,hrv
2000,0.32796,hrv
2001,0.28539,hrv
2002,0.20976,hrv
2003,0.17924,hrv
2005,0.17723,hrv
2006,0.18855,hrv
2007,0.19194,hrv
2008,0.22672,hrv
2009,0.20997,hrv
2010,0.32226,hrv
2011,0.32785,hrv
2012,0.40811,hrv
2014,0.2951,hrv
2013,1.84035,hun
2014,1.67424,hun
2002,0.20127,idn
2003,0.20684,idn
2004,0.19463,idn
2005,0.25892,idn
2006,0.34746,idn
2007,0.23632,idn
2008,0.31051,idn
2009,0.4156,idn
2010,0.34415,idn
2011,0.18584,idn
2012,0.17781,idn
2013,0.1785,idn
2014,1.60577,idn
2002,4.62565,ind
2003,4.63145,ind
2006,4.34624,ind
2008,4.34742,ind
2011,3.12246,ind
2013,1.39131,ind
1999,0.37716,irl
2000,0.38552,irl
2001,0.27925,irl
2002,0.40179,irl
2003,0.34116,irl
2004,0.30494,irl
2005,0.24266,irl
2006,0.28033,irl
2007,0.26638,irl
2008,0.29779,irl
2009,0.28806,irl
2010,0.40186,irl
2011,0.26008,irl
2013,0.23107,irl
2000,8.69343,irn
2001,7.91029,irn
2002,7.40803,irn
2003,3.94983,irn
2006,4.10528,irn
2008,3.58633,irn
2009,1.60756,irn
2010,1.46614,irn
2011,1.21511,irn
2012,1.21271,irn
2013,0.40423,irn
2014,0.3929,irn
1999,24.83976,irq
2000,23.82666,irq
2004,6.17917,irq
2007,15.11951,irq
2002,1.27075,isr
2003,1.32838,isr
2004,1.09172,isr
2005,1.43332,isr
2006,1.01373,isr
2007,1.0255,isr
2008,0.9967,isr
2009,0.99204,isr
2010,1.05112,isr
2011,0.98143,isr
2012,1.02046,isr
2013,1.02362,isr
2014,0.85739,isr
1999,6.24649,ita
2001,2.38618,ita
2002,1.83761,ita
2003,2.00529,ita
2004,1.97224,ita
2005,1.97868,ita
2006,1.52662,ita
2007,1.70603,ita
2008,1.95908,ita
2009,2.31459,ita
2010,3.03865,ita
2011,2.992,ita
2012,2.68221,ita
2013,2.41023,ita
2000,0.69452,jam
2001,0.93427,jam
2002,0.62308,jam
2004,0.42228,jam
2009,0.5013,jam
2010,0.51589,jam
2011,0.52957,jam
2013,0.29833,jam
2014,0.72517,jam
2002,1.07144,jor
2003,0.93215,jor
2004,3.23275,jor
2006,3.37046,jor
2007,1.99763,jor
2008,1.41401,jor
2011,1.9826,jor
2012,2.17726,jor
2000,0.15264,kaz
2001,0.13752,kaz
2002,0.11501,kaz
2003,0.11216,kaz
2004,0.09682,kaz
2005,0.08795,kaz
2006,0.07777,kaz
2007,0.06853,kaz
2008,0.06588,kaz
2009,0.05767,kaz
2010,0.04096,kaz
2011,0.02818,kaz
2012,0.02193,kaz
2013,0.01568,kaz
2014,0.01743,kaz
2015,0.01012,kaz
2014,4.50826,ken
1999,0.14103,kgz
2000,0.12149,kgz
2001,0.12959,kgz
2002,0.09753,kgz
2003,0.08464,kgz
2004,0.07304,kgz
2005,0.05767,kgz
2006,0.07033,kgz
2007,0.06501,kgz
2008,0.08641,kgz
2009,0.05777,kgz
2010,0.03998,kgz
2011,0.05331,kgz
2012,0.03321,kgz
2013,0.03372,kgz
2014,0.02805,kgz
1999,6.08513,khm
2001,1.46301,khm
2002,1.92402,khm
2003,3.02367,khm
2004,2.72054,khm
2005,2.71392,khm
2006,1.59612,khm
2007,1.57744,khm
2008,1.23337,khm
2010,1.52559,khm
2011,1.3705,khm
2012,1.19987,khm
2013,0.94476,khm
2014,0.8522,khm
2014,4.12172,kir
2003,1.82083,kna
2004,2.16718,kna
2007,1.27946,kna
2008,2.32897,kna
2009,0.94891,kna
2010,2.08024,kna
2011,1.6129,kna
2013,2.45959,kna
2014,2.61628,kna
2004,0.02608,kor
2005,0.0059,kor
2011,0.00502,kor
2013,0.0082,kor
1999,6.07737,kwt
2000,6.70832,kwt
2001,5.33775,kwt
2002,5.37072,kwt
2003,5.4378,kwt
2004,4.51579,kwt
2005,3.01649,kwt
2006,4.18526,kwt
2007,4.22103,kwt
2008,4.80762,kwt
2009,4.55489,kwt
2010,3.83681,kwt
2012,2.9142,kwt
2013,2.90546,kwt
1999,1.74963,lao
2000,1.43642,lao
2001,1.35591,lao
2002,1.39265,lao
2003,1.25841,lao
2004,1.64028,lao
2005,1.89394,lao
2006,1.77588,lao
2007,1.2936,lao
2008,0.95651,lao
2009,0.9505,lao
2010,0.8434,lao
2011,0.81903,lao
2012,0.73994,lao
2013,0.66544,lao
2014,0.60472,lao
1999,8.55729,lbn
2000,11.09154,lbn
2001,6.96689,lbn
2002,13.48802,lbn
2003,13.7574,lbn
2004,14.85478,lbn
2005,13.86537,lbn
2006,12.1644,lbn
2007,12.65165,lbn
2008,12.50024,lbn
2009,12.35888,lbn
2010,12.20431,lbn
2011,12.68545,lbn
2012,11.54281,lbn
2013,12.02262,lbn
2000,1.07662,lbr
2008,6.40319,lbr
2009,4.5078,lbr
2011,5.09641,lbr
2014,5.46232,lbr
2000,0.11079,lca
2002,0.11601,lca
2007,0.15968,lca
2009,0.03952,lca
2010,0.23666,lca
2011,0.22497,lca
2012,0.23946,lca
2013,0.37249,lca
2014,0.02478,lca
2014,0.75282,lie
2001,0.95292,lka
2002,0.64338,lka
2003,0.66973,lka
2006,0.83057,lka
2007,0.73338,lka
2008,1.05476,lka
2009,0.90836,lka
2010,0.73877,lka
2011,0.85739,lka
2012,0.73243,lka
2013,0.74624,lka
2014,0.82891,lka
1999,9.04937,lso
2000,8.99498,lso
2001,8.85983,lso
2002,8.63715,lso
2003,9.82557,lso
2004,9.0936,lso
2005,10.9589,lso
2006,12.80958,lso
2007,13.23417,lso
2008,11.92891,lso
2009,11.86184,lso
2010,13.92469,lso
2012,14.22085,lso
2013,14.63541,lso
2014,12.68137,lso
1999,0.43888,ltu
2000,0.32372,ltu
2001,0.29121,ltu
2002,0.29639,ltu
2003,0.36692,ltu
2011,0.47958,ltu
2012,0.51789,ltu
2013,0.4969,ltu
2014,0.49675,ltu
2006,10.19856,lux
2007,9.99125,lux
2008,9.49022,lux
2010,8.64086,lux
2011,9.37316,lux
2012,8.73945,lux
2013,9.43114,lux
2013,2.18671,lva
2014,1.08117,lva
1999,10.26856,mac
2000,12.85284,mac
2001,13.12738,mac
2002,13.10732,mac
2003,11.72326,mac
2004,11.44924,mac
2005,10.95913,mac
2006,11.71902,mac
2007,11.77127,mac
2008,11.51242,mac
2009,12.59663,mac
2010,12.52236,mac
2011,12.11918,mac
2012,10.36984,mac
2013,10.3716,mac
2014,7.2787,mac
1999,16.9023,mar
2000,15.386,mar
2001,15.3808,mar
2002,15.87665,mar
2003,16.01511,mar
2004,14.67993,mar
2006,12.06431,mar
2007,11.85355,mar
2008,11.9883,mar
2009,11.1235,mar
2010,11.63005,mar
2011,11.2879,mar
2012,10.67872,mar
2013,10.33296,mar
2014,10.43457,mar
2013,0.59453,mco
2014,0.57471,mco
2002,1.13381,mda
2003,0.46828,mda
2004,0.42169,mda
2005,0.08232,mda
2006,0.05254,mda
2007,0.03459,mda
2000,16.35619,mdg
2001,17.09022,mdg
2002,14.45406,mdg
2003,16.41405,mdg
2004,14.40041,mdg
2005,11.99922,mdg
2006,10.42241,mdg
2007,10.47213,mdg
2008,11.58354,mdg
2009,12.15294,mdg
2010,8.72167,mdg
2011,10.90465,mdg
2012,12.83176,mdg
2013,11.48921,mdg
2014,13.64707,mdg
2005,7.15288,mdv
2006,7.9685,mdv
2007,7.9547,mdv
2008,7.09905,mdv
2012,4.67602,mdv
2013,4.55039,mdv
2014,4.4427,mdv
2000,0.78621,mex
2002,0.72882,mex
2003,0.63536,mex
2004,0.61226,mex
2005,0.65143,mex
2006,0.64991,mex
2007,0.58434,mex
2008,0.5982,mex
2009,0.48906,mex
2010,0.48773,mex
2011,0.509,mex
2012,0.52776,mex
2013,0.49698,mex
2014,0.45923,mex
1999,0.52104,mkd
2000,0.43716,mkd
2001,0.43916,mkd
2002,0.45271,mkd
2003,0.30572,mkd
2004,0.37008,mkd
2005,0.45254,mkd
2006,0.46201,mkd
2007,0.36151,mkd
2008,0.15415,mkd
2009,0.40495,mkd
2010,0.49142,mkd
2001,23.89147,mli
2002,25.00805,mli
2008,17.9644,mli
2009,16.55963,mli
2010,18.25981,mli
2011,18.25977,mli
2013,32.1278,mli
2014,32.05908,mli
1999,1.04219,mlt
2000,0.91897,mlt
2001,0.57837,mlt
2002,1.27315,mlt
2003,0.42502,mlt
2004,0.54288,mlt
2005,0.46219,mlt
2006,0.58772,mlt
2007,0.62007,mlt
2008,0.61951,mlt
2009,0.44563,mlt
2010,0.33057,mlt
2011,0.16302,mlt
2012,0.13226,mlt
2013,0.09443,mlt
2014,0.24155,mlt
1999,1.22416,mmr
2000,0.74028,mmr
2001,0.91477,mmr
2002,0.84657,mmr
2003,0.86271,mmr
2004,0.64431,mmr
2005,0.8467,mmr
2006,0.48174,mmr
2007,1.58788,mmr
2009,0.42639,mmr
2010,0.38868,mmr
2014,0.3868,mmr
2011,0.13651,mne
2012,0.23447,mne
2015,0.16651,mne
1999,0.291,mng
2000,0.14819,mng
2002,0.06327,mng
2003,0.116,mng
2004,0.08271,mng
2005,0.27388,mng
2006,0.0322,mng
2007,0.04534,mng
2008,0.02597,mng
2009,0.02233,mng
2014,0.00612,mng
1999,26.10244,moz
2000,23.10756,moz
2002,25.12864,moz
2004,25.13241,moz
2005,19.23036,moz
2006,17.10215,moz
2007,15.52993,moz
2008,13.15133,moz
2009,12.95192,moz
2010,14.77798,moz
2011,15.23802,moz
2012,15.22964,moz
2013,16.64484,moz
2014,14.52001,moz
1999,11.58579,mrt
2001,12.93552,mrt
2002,15.15152,mrt
2003,13.97459,mrt
2004,13.23226,mrt
2005,14.86224,mrt
2006,12.35907,mrt
2007,10.59211,mrt
2009,10.94541,mrt
2012,6.75589,mrt
2013,7.47407,mrt
2014,9.12216,mrt
1999,5.35985,mus
2000,4.34094,mus
2001,4.26912,mus
2002,5.21562,mus
2003,5.72478,mus
2004,5.76856,mus
2005,4.21301,mus
2006,5.14232,mus
2007,4.76939,mus
2008,4.48946,mus
2009,4.31868,mus
2010,4.72665,mus
2011,3.80025,mus
2012,3.97957,mus
2013,3.66554,mus
2014,3.39536,mus
1999,6.76153,mwi
2005,9.91925,mwi
2006,10.11704,mwi
2007,11.18996,mwi
2008,12.03724,mwi
2009,11.04223,mwi
2010,10.95037,mwi
2011,12.55157,mwi
2012,13.23029,mwi
1999,10.09215,nam
2000,10.67315,nam
2005,16.42539,nam
2006,15.44784,nam
2008,20.99553,nam
2009,18.62075,nam
2010,19.03843,nam
2012,22.64193,nam
2013,22.6129,nam
2000,19.18816,ner
2001,21.54871,ner
2002,23.70446,ner
2003,24.72424,ner
2004,7.48992,ner
2005,18.39862,ner
2006,17.06909,ner
2007,25.87803,ner
2008,22.23076,ner
2009,20.78657,ner
2010,17.76193,ner
2011,19.01047,ner
2012,18.73749,ner
2013,15.97257,ner
2014,21.32041,ner
1999,3.82545,nic
2000,5.57903,nic
2001,6.20773,nic
2002,6.31451,nic
2004,6.71951,nic
2005,5.86905,nic
2006,5.42253,nic
2007,4.98681,nic
2008,7.72335,nic
2010,5.16454,nic
1999,4.71018,nld
1999,12.62973,npl
2000,11.34573,npl
2001,10.57849,npl
2002,9.59044,npl
2003,12.77744,npl
2008,8.05297,npl
2010,6.50911,npl
2011,6.12442,npl
2012,5.29922,npl
2013,5.32551,npl
2014,4.97668,npl
2015,4.48274,npl
2000,6.51209,omn
2001,6.25357,omn
2002,4.33502,omn
2003,4.29295,omn
2011,1.94228,omn
2012,1.91135,omn
2013,9.28752,omn
2014,3.63192,omn
2004,3.85898,pak
2005,3.58951,pak
2008,4.14532,pak
2009,2.82465,pak
2010,3.2572,pak
2011,2.95344,pak
2012,3.04888,pak
2013,2.27661,pak
2014,2.01663,pak
2004,4.18717,pan
2005,4.58017,pan
2006,4.82745,pan
2007,4.01533,pan
2008,4.96627,pan
2009,4.56843,pan
2010,5.37563,pan
2011,6.0213,pan
2012,4.99178,pan
2000,5.16035,per
2001,5.15983,per
2002,5.39209,per
2004,4.01566,per
2005,5.17424,per
2006,5.54055,per
2008,4.90445,per
2009,4.82489,per
2012,3.88054,per
2013,4.10457,per
2014,3.71922,per
1999,1.19604,phl
2001,1.26889,phl
2002,1.33984,phl
2003,1.20659,phl
2004,1.00943,phl
2005,0.98135,phl
2006,1.89678,phl
2007,1.6515,phl
2008,1.532,phl
2009,1.5793,phl
2013,1.04981,phl
2013,1.82427,pol
2001,0.85797,pry
2002,0.96506,pry
2003,0.82036,pry
2004,0.68815,pry
2005,0.60205,pry
2007,0.63572,pry
2008,0.54481,pry
2009,0.63105,pry
2010,0.69975,pry
2011,0.66742,pry
2012,0.74121,pry
1999,2.54072,pse
2000,2.28599,pse
2001,2.25634,pse
2002,2.09988,pse
2003,1.65563,pse
2004,1.89571,pse
2006,2.0682,pse
2007,1.92405,pse
2008,1.85518,pse
2009,1.94919,pse
2010,1.94918,pse
2011,2.23265,pse
2012,2.43938,pse
2013,1.66828,pse
2014,1.61846,pse
2005,4.73473,qat
2006,2.84173,qat
2007,2.68315,qat
2008,1.67369,qat
2009,1.98672,qat
2011,0.38739,qat
2013,1.91638,qat
2014,7.61846,qat
1999,1.56902,rou
2001,1.58448,rou
2002,1.71389,rou
2003,1.62351,rou
2004,1.66736,rou
2005,1.67343,rou
2006,1.67774,rou
2007,1.58148,rou
2008,1.75501,rou
2009,1.85419,rou
2010,1.94712,rou
2011,1.77796,rou
2012,1.81352,rou
2013,1.95461,rou
2014,2.11321,rou
2014,0.33095,rus
2012,5.69324,rwa
2005,5.37296,sau
2007,2.95986,sau
2008,2.63462,sau
2010,1.04744,sau
2011,1.12658,sau
2012,1.10029,sau
2013,1.01735,sau
2014,0.78216,sau
2010,3.14237,sdn
2012,2.78761,sdn
2013,2.42933,sdn
2000,14.71695,sen
2001,14.31718,sen
2002,15.1399,sen
2003,10.91898,sen
2004,11.68703,sen
2005,11.77312,sen
2006,12.12007,sen
2008,14.4599,sen
2009,14.90684,sen
2010,15.17986,sen
2011,14.36412,sen
2012,16.30805,sen
2014,18.95233,sen
2008,0.52503,sgp
2009,0.50451,sgp
2011,1.31284,slb
2012,1.43175,slb
2013,1.28948,slb
2014,1.42645,slb
2001,11.15877,sle
2011,14.17092,sle
2012,8.22295,sle
2013,8.44464,sle
2001,1.7098,slv
2002,2.02441,slv
2003,2.27949,slv
2005,2.76774,slv
2006,3.42104,slv
2007,3.52167,slv
2008,3.12292,slv
2009,3.01675,slv
2010,2.95653,slv
2011,3.06586,slv
2012,3.24203,slv
2013,3.96707,slv
2014,3.55871,slv
2007,0.57363,srb
2008,0.68922,srb
2009,0.78654,srb
2010,0.81491,srb
2011,0.60637,srb
2012,0.73155,srb
2013,0.6313,srb
2014,0.58483,srb
2011,5.716,ssd
2003,39.84642,stp
2004,35.47297,stp
2005,36.13788,stp
2008,32.70657,stp
2010,34.93866,stp
2011,21.1194,stp
2014,21.22125,stp
2015,19.79929,stp
2007,14.60064,sur
2008,14.69314,sur
2009,15.65289,sur
2011,13.11697,sur
2013,13.60943,sur
2014,16.17092,sur
2004,1.3303,svk
2005,1.34698,svk
2006,1.33718,svk
2007,1.4457,svk
2008,1.6982,svk
2009,1.76109,svk
2010,1.62125,svk
2011,1.50461,svk
2012,1.56112,svk
2013,1.62602,svk
2014,1.74732,svk
1999,0.84496,svn
2000,0.76864,svn
2002,0.64589,svn
2003,0.58306,svn
2006,0.29417,svn
2009,0.45679,svn
2010,0.45537,svn
2011,0.40312,svn
2012,0.47719,svn
2013,0.47595,svn
2014,0.42633,svn
1999,12.90181,swz
2000,11.71871,swz
2002,11.41891,swz
2003,12.67508,swz
2004,10.32282,swz
2005,12.00062,swz
2006,11.18675,swz
2007,8.64927,swz
2009,9.48828,swz
2010,10.39488,swz
2011,10.47594,swz
2012,10.70447,swz
2013,10.75106,swz
2014,8.80282,sxm
1999,10.00391,syr
2000,10.30258,syr
2001,10.07016,syr
2002,9.02636,syr
2003,5.87096,syr
2004,6.33759,syr
2005,6.66137,syr
2006,5.55654,syr
2007,5.02709,syr
2008,5.25765,syr
2009,5.18237,syr
2010,5.75267,syr
2011,5.71348,syr
2012,4.7397,syr
2013,4.28649,syr
2000,1.65289,tca
2001,1.45631,tca
2002,0.75188,tca
2003,1.53453,tca
2004,0.23202,tca
2005,1.0395,tca
2014,0.73937,tca
2015,1.6835,tca
2000,16.23631,tcd
2002,17.3866,tcd
2003,21.38078,tcd
2004,19.42449,tcd
2006,19.21793,tcd
2009,18.75869,tcd
2010,20.88451,tcd
2011,20.15632,tcd
2012,21.45823,tcd
2013,22.94256,tcd
1999,22.31523,tgo
2000,18.81892,tgo
2001,18.51066,tgo
2002,17.98814,tgo
2003,22.58517,tgo
2004,21.49984,tgo
2005,19.45752,tgo
2006,23.70191,tgo
2007,24.61938,tgo
2008,26.08838,tgo
2010,23.35157,tgo
2011,23.79205,tgo
2013,21.72388,tgo
2014,22.49718,tgo
2007,12.77912,tha
2009,0.57527,tjk
2010,0.48489,tjk
2011,0.32214,tjk
2012,0.34982,tjk
2014,0.12255,tjk
2015,0.07311,tjk
2008,1.45405,tls
2009,1.42948,tls
2010,2.72342,tls
2011,2.45352,tls
2012,2.47784,tls
2013,2.37882,tls
2014,1.08084,tls
1999,4.6727,ton
2001,2.47899,ton
2003,2.30917,ton
2004,8.27603,ton
1999,0.39735,tto
2001,0.38603,tto
2003,0.228,tto
2004,0.28211,tto
2005,0.18,tto
2007,0.24519,tto
2008,0.13392,tto
2009,0.29995,tto
2010,0.20072,tto
2004,11.99666,tun
2005,13.23819,tun
2006,14.34072,tun
2008,14.30356,tun
2009,13.50417,tun
2010,11.35863,tun
2013,15.14419,tun
2014,15.2207,tun
2004,3.01133,tur
2005,2.93999,tur
2006,2.994,tur
2007,2.8143,tur
2008,3.00347,tur
2009,2.83888,tur
2010,1.70118,tur
2011,2.22364,tur
2012,2.78914,tur
2013,2.25982,tur
2002,2.05847,tza
2003,4.14453,tza
2004,3.91938,tza
2005,4.27682,tza
2008,2.79586,tza
2009,2.12506,tza
2012,1.26567,tza
2013,5.30129,tza
2000,2.04736,uga
2001,1.96806,uga
2002,2.04976,uga
2003,2.05619,uga
2004,1.93308,uga
2007,2.94042,uga
2008,2.29971,uga
2009,2.05256,uga
2010,2.20275,uga
2011,1.98348,uga
2013,1.30515,uga
1999,0.80529,ukr
2000,0.70307,ukr
2001,0.4998,ukr
2002,0.08651,ukr
2003,0.06545,ukr
2004,0.05481,ukr
2005,0.04987,ukr
2006,0.04055,ukr
2007,0.0291,ukr
2008,0.0262,ukr
2009,0.01647,ukr
2010,0.01164,ukr
2011,0.01064,ukr
2012,0.00628,ukr
2013,0.00532,ukr
2014,0.00569,ukr
2001,13.96671,ury
2002,14.21233,ury
2003,14.13317,ury
2004,14.56955,ury
2005,14.22942,ury
2006,15.13068,ury
2007,16.61028,ury
2008,14.55656,ury
2009,15.70361,ury
2010,17.79292,ury
2013,22.60555,ury
2001,0.0484,uzb
2002,0.04626,uzb
2003,0.03986,uzb
2004,0.03132,uzb
2005,0.02413,uzb
2006,0.02777,uzb
2007,0.02319,uzb
2008,0.0108,uzb
2009,0.00983,uzb
2010,0.01233,uzb
2011,0.01229,uzb
2003,15.99429,vct
2004,8.20497,vct
2005,7.47821,vct
2010,2.64109,vct
2011,8.01131,vct
2012,9.78819,vct
2013,8.9884,vct
2014,10.00622,vct
1999,10.46819,ven
2000,9.77798,ven
2001,9.77803,ven
2002,9.38725,ven
2003,8.95726,ven
2004,7.89649,ven
2005,7.77596,ven
2006,6.72344,ven
2007,4.14258,ven
2008,2.83852,ven
2009,4.0724,ven
2010,4.91121,ven
2011,4.84734,ven
2012,5.28976,ven
2013,3.99808,ven
2014,3.96586,ven
2001,8.52713,vgb
2010,7.09877,vgb
2011,6.27119,vgb
2012,6.47841,vgb
2013,13.07087,vgb
2014,12.53687,vgb
2001,1.25957,vnm
2002,0.80778,vnm
2013,0.44644,vnm
2014,0.43894,vnm
2006,1.69306,vut
2010,2.32931,vut
2013,3.44499,vut
1999,2.27443,wsm
2000,2.2997,wsm
2001,1.4911,wsm
2009,0.67696,wsm
2010,1.41212,wsm
2011,1.00319,wsm
2012,0.69073,wsm
2014,0.29769,wsm
2003,9.12316,xdn
2004,4.13651,xdn
2005,2.51058,xdn
2006,2.34579,xdn
2007,2.00777,xdn
2008,3.89234,xdn
2009,2.934,xdn
1999,7.49003,yem
2001,4.01315,yem
2005,3.97257,yem
2010,5.38036,yem
2012,3.65771,yem
2013,5.09711,yem
2000,15.49277,zaf
2002,8.99911,zaf
2003,6.59111,zaf
2004,11.98123,zaf
2000,20.64225,zmb
2001,18.48358,zmb
2002,7.0999,zmb
2004,7.13015,zmb
2005,7.30148,zmb
2007,5.75649,zmb
2008,6.936,zmb
2009,7.7446,zmb
2010,8.7287,zmb
2011,10.81024,zmb
2012,10.42027,zmb
2013,10.55522,zmb
2012,0.32768,zwe
2013,3.54042,zwe
