location,time,gtvp_3_gpv_f
19700,1999,68.50167
19700,2000,70.20107
19700,2001,70.36769
19700,2002,70.51659
19700,2003,71.26366
19700,2004,69.84176
19700,2005,70.09499
19700,2006,71.90053
19700,2007,72.1171
19700,2008,72.51707
19700,2009,73.09906
19700,2010,72.58779
19700,2011,73.04292
19700,2012,73.05615
19700,2013,70.58299
19700,2014,70.85804
19710,1999,76.28142
19710,2000,78.05723
19710,2001,78.47138
19710,2002,80.0623
19710,2003,81.40793
19710,2004,80.96116
19710,2005,80.99686
19710,2006,80.39318
19710,2007,79.75268
19710,2008,79.51571
19710,2009,79.21624
19710,2010,80.10877
19710,2011,80.41494
19710,2012,81.11417
19710,2013,80.95815
19710,2014,81.65159
40030,1999,75.28361
40030,2000,77.20086
40030,2001,77.51572
40030,2002,79.13281
40030,2003,80.55879
40030,2004,80.03876
40030,2005,80.08071
40030,2006,79.44312
40030,2007,78.75907
40030,2008,78.48584
40030,2009,78.19885
40030,2010,79.11405
40030,2011,79.38808
40030,2012,80.07439
40030,2013,79.8948
40030,2014,80.65179
40041,1999,70.52982
40041,2000,72.09636
40041,2001,72.43739
40041,2002,72.83631
40041,2003,73.75355
40041,2004,72.727
40041,2005,73.10403
40041,2006,74.90685
40041,2007,75.18878
40041,2008,75.78894
40041,2009,76.40261
40041,2010,76.05388
40041,2011,76.64296
40041,2012,76.73825
40041,2013,74.4188
40041,2014,74.59521
40042,1999,87.73322
40042,2000,88.30768
40042,2001,88.34427
40042,2002,88.62651
40042,2003,89.28326
40042,2004,89.06044
40042,2005,89.4237
40042,2006,89.62129
40042,2007,90.00953
40042,2008,90.58787
40042,2009,90.72487
40042,2010,90.7829
40042,2011,90.51168
40042,2012,90.73494
40042,2013,91.17954
40042,2014,91.1627
40043,1999,65.18552
40043,2000,67.8166
40043,2001,68.26983
40043,2002,70.8568
40043,2003,72.62151
40043,2004,72.29953
40043,2005,72.15438
40043,2006,70.92348
40043,2007,69.36861
40043,2008,67.79754
40043,2009,66.70185
40043,2010,67.61169
40043,2011,67.80103
40043,2012,68.20865
40043,2013,67.72515
40043,2014,68.90666
40044,1999,81.62408
40044,2000,82.51032
40044,2001,83.29399
40044,2002,83.32128
40044,2003,82.70043
40044,2004,82.9768
40044,2005,82.55216
40044,2006,83.35477
40044,2007,83.70045
40044,2008,83.73572
40044,2009,83.30686
40044,2010,83.91951
40044,2011,84.64987
40044,2012,86.23664
40044,2013,86.3824
40044,2014,86.26093
40061,1999,72.42769
40061,2000,74.92437
40061,2001,74.95401
40061,2002,74.63155
40061,2003,75.34531
40061,2004,72.93162
40061,2005,73.20411
40061,2006,75.45793
40061,2007,75.76904
40061,2008,76.51748
40061,2009,77.50239
40061,2010,76.91148
40061,2011,77.74866
40061,2012,77.71075
40061,2013,73.75705
40061,2014,73.95982
40063,1999,77.22442
40063,2000,77.01595
40063,2001,71.13654
40063,2002,71.92871
40063,2003,71.69736
40063,2004,68.55091
40063,2005,61.79978
40063,2006,57.64816
40063,2007,58.89492
40063,2008,60.17347
40063,2009,60.37514
40063,2010,60.59876
40063,2011,61.1417
40063,2012,61.15098
40063,2013,61.90352
40063,2014,60.51154
40070,1999,73.83015
40070,2000,75.68299
40070,2001,76.02956
40070,2002,77.30357
40070,2003,78.60945
40070,2004,78.06935
40070,2005,78.2402
40070,2006,78.36032
40070,2007,77.98543
40070,2008,77.97919
40070,2009,77.92083
40070,2010,78.57029
40070,2011,78.96731
40070,2012,79.59076
40070,2013,78.96396
40070,2014,79.58494
40313,1999,56.90885
40313,2000,58.77892
40313,2001,58.74069
40313,2002,61.4232
40313,2003,65.16427
40313,2004,65.45051
40313,2005,66.01367
40313,2006,65.50643
40313,2007,64.40237
40313,2008,62.68016
40313,2009,62.07634
40313,2010,63.03556
40313,2011,63.20818
40313,2012,63.96853
40313,2013,63.12991
40313,2014,64.11495
40314,1999,82.13504
40314,2000,84.77196
40314,2001,86.41823
40314,2002,88.38571
40314,2003,87.31191
40314,2004,87.54569
40314,2005,87.26788
40314,2006,86.3478
40314,2007,85.43704
40314,2008,84.86237
40314,2009,84.2718
40314,2010,83.84359
40314,2011,84.03257
40314,2012,83.59961
40314,2013,85.66869
40314,2014,85.86738
40322,1999,67.19731
40322,2000,67.37464
40322,2001,68.15551
40322,2002,69.58588
40322,2003,70.44204
40322,2004,71.80745
40322,2005,74.3923
40322,2006,76.98037
40322,2007,79.66066
40322,2008,80.93156
40322,2009,82.15192
40322,2010,81.93113
40322,2011,81.33974
40322,2012,81.94477
40322,2013,81.88331
40322,2014,82.22925
40326,1999,59.43098
40326,2000,60.61845
40326,2001,61.69843
40326,2002,62.73114
40326,2003,64.31455
40326,2004,62.92873
40326,2005,63.06371
40326,2006,62.72962
40326,2007,62.11225
40326,2008,60.71884
40326,2009,59.36473
40326,2010,57.72237
40326,2011,56.76004
40326,2012,56.62748
40326,2013,56.97727
40326,2014,57.0435
40327,1999,46.45036
40327,2000,49.57343
40327,2001,49.47977
40327,2002,54.22743
40327,2003,60.89436
40327,2004,61.70224
40327,2005,62.48571
40327,2006,61.51855
40327,2007,59.89183
40327,2008,58.11736
40327,2009,56.94337
40327,2010,58.39166
40327,2011,58.78676
40327,2012,59.93665
40327,2013,58.49316
40327,2014,60.63462
40336,1999,56.25899
40336,2000,56.36988
40336,2001,57.40174
40336,2002,58.75591
40336,2003,59.55676
40336,2004,60.62773
40336,2005,62.75686
40336,2006,65.84702
40336,2007,67.8511
40336,2008,68.8671
40336,2009,70.38867
40336,2010,70.51581
40336,2011,71.00493
40336,2012,71.53035
40336,2013,70.93731
40336,2014,70.97564
40345,1999,97.44578
40345,2000,97.3094
40345,2001,97.52491
40345,2002,97.46667
40345,2003,97.49567
40345,2004,97.19393
40345,2005,97.08374
40345,2006,96.85596
40345,2007,96.88616
40345,2008,97.06215
40345,2009,96.95558
40345,2010,97.18284
40345,2011,97.16656
40345,2012,97.22189
40345,2013,97.18463
40345,2014,97.2031
40346,1999,97.44578
40346,2000,97.3094
40346,2001,97.52491
40346,2002,97.46667
40346,2003,97.49567
40346,2004,97.19393
40346,2005,97.08374
40346,2006,96.85596
40346,2007,96.88616
40346,2008,97.06215
40346,2009,96.95558
40346,2010,97.18284
40346,2011,97.16656
40346,2012,97.22189
40346,2013,97.18463
40346,2014,97.2031
40347,1999,75.02809
40347,2000,75.40585
40347,2001,75.09076
40347,2002,75.15326
40347,2003,74.9011
40347,2004,74.60309
40347,2005,75.52474
40347,2006,75.7551
40347,2007,76.23855
40347,2008,74.70443
40347,2009,74.96569
40347,2010,73.93444
40347,2011,73.0532
40347,2012,72.39276
40347,2013,73.55815
40347,2014,71.2623
40350,1999,87.21217
40350,2000,87.05305
40350,2001,87.40215
40350,2002,87.02815
40350,2003,87.38344
40350,2004,87.47481
40350,2005,87.69191
40350,2006,87.36878
40350,2007,86.94736
40350,2008,87.03275
40350,2009,87.27066
40350,2010,87.87882
40350,2011,88.32064
40350,2012,89.15775
40350,2013,88.80322
40350,2014,88.49668
40354,1999,74.32247
40354,2000,75.93883
40354,2001,79.37392
40354,2002,80.19766
40354,2003,81.10142
40354,2004,79.54327
40354,2005,81.80554
40354,2006,82.62587
40354,2007,82.80648
40354,2008,82.39138
40354,2009,80.03702
40354,2010,78.33812
40354,2011,77.00155
40354,2012,76.44548
40354,2013,74.50262
40354,2014,74.7532
40355,1999,73.89488
40355,2000,75.74175
40355,2001,76.08542
40355,2002,77.35395
40355,2003,78.65328
40355,2004,78.11287
40355,2005,78.28204
40355,2006,78.40049
40355,2007,78.02567
40355,2008,78.01863
40355,2009,77.95972
40355,2010,78.60664
40355,2011,79.00009
40355,2012,79.62264
40355,2013,78.99223
40355,2014,79.6111
40358,1999,96.49533
40358,2000,94.58717
40358,2001,94.97101
40358,2002,95.13153
40358,2003,95.73083
40358,2004,96.15582
40358,2005,97.02606
40358,2006,98.53238
40358,2007,98.68814
40358,2008,101.199
40358,2009,106.71962
40358,2010,114.122
40358,2011,130.50264
40358,2012,97.31793
40358,2013,97.27444
40359,1999,87.69358
40359,2000,87.5343
40359,2001,87.84962
40359,2002,87.54235
40359,2003,87.9156
40359,2004,88.06864
40359,2005,88.25993
40359,2006,87.69807
40359,2007,87.53651
40359,2008,87.58338
40359,2009,87.83772
40359,2010,88.37015
40359,2011,88.76139
40359,2012,89.60941
40359,2013,89.26049
40359,2014,88.95714
40360,1999,82.26342
40360,2000,84.87369
40360,2001,86.50917
40360,2002,88.45958
40360,2003,87.39086
40360,2004,87.61671
40360,2005,87.33776
40360,2006,86.42075
40360,2007,85.51265
40360,2008,84.93771
40360,2009,84.34701
40360,2010,83.91344
40360,2011,84.09215
40360,2012,83.65906
40360,2013,85.71793
40360,2014,85.91458
40365,1999,77.15119
40365,2000,76.88758
40365,2001,70.66273
40365,2002,71.52659
40365,2003,71.29947
40365,2004,68.03986
40365,2005,61.01468
40365,2006,56.72201
40365,2007,58.04001
40365,2008,59.44712
40365,2009,59.80683
40365,2010,60.16714
40365,2011,60.27835
40365,2012,60.2969
40365,2013,61.12303
40365,2014,59.6907
40366,1999,73.89488
40366,2000,75.74175
40366,2001,76.08542
40366,2002,77.35395
40366,2003,78.65328
40366,2004,78.11287
40366,2005,78.28204
40366,2006,78.40049
40366,2007,78.02567
40366,2008,78.01863
40366,2009,77.95972
40366,2010,78.60664
40366,2011,79.00009
40366,2012,79.62264
40366,2013,78.99223
40366,2014,79.6111
40368,1999,75.22782
40368,2000,75.08278
40368,2001,75.64092
40368,2002,75.88598
40368,2003,76.64973
40368,2004,77.38449
40368,2005,78.681
40368,2006,79.78719
40368,2007,81.02538
40368,2008,81.94345
40368,2009,83.04591
40368,2010,83.5517
40368,2011,83.67547
40368,2012,84.63105
40368,2013,84.51233
40368,2014,84.51786
40369,1999,94.23417
40369,2000,94.19414
40369,2001,94.13809
40369,2002,93.97534
40369,2003,93.9224
40369,2004,93.94284
40369,2005,93.97349
40369,2006,93.88944
40369,2007,94.1185
40369,2008,94.15078
40369,2009,94.16343
40369,2010,93.92387
40369,2011,93.82453
40369,2012,93.42029
40369,2013,93.07639
40369,2014,93.07793
40370,1999,82.95
40370,2000,86.07206
40370,2001,88.26856
40370,2002,90.82251
40370,2003,89.46524
40370,2004,89.67889
40370,2005,89.30934
40370,2006,87.98068
40370,2007,86.44615
40370,2008,85.53086
40370,2009,84.60481
40370,2010,84.09352
40370,2011,84.3639
40370,2012,83.90398
40370,2013,87.05256
40370,2014,87.25224
40371,1999,74.7711
40371,2000,76.57566
40371,2001,76.72586
40371,2002,78.44567
40371,2003,80.59968
40371,2004,79.8643
40371,2005,79.80866
40371,2006,79.10827
40371,2007,78.35138
40371,2008,78.08819
40371,2009,77.65849
40371,2010,78.79827
40371,2011,79.14352
40371,2012,79.9818
40371,2013,79.41609
40371,2014,80.25903
40372,1999,55.80517
40372,2000,58.72583
40372,2001,58.61769
40372,2002,58.79745
40372,2003,59.97981
40372,2004,56.47231
40372,2005,56.35597
40372,2006,58.3474
40372,2007,58.18195
40372,2008,58.54285
40372,2009,58.92738
40372,2010,58.11957
40372,2011,58.45362
40372,2012,58.9117
40372,2013,56.24575
40372,2014,56.43514
40373,1999,46.27631
40373,2000,44.60875
40373,2001,47.34714
40373,2002,48.80711
40373,2003,46.98195
40373,2004,48.49873
40373,2005,49.97018
40373,2006,61.82593
40373,2007,61.43993
40373,2008,60.10214
40373,2009,60.54944
40373,2010,62.21802
40373,2011,60.35218
40373,2012,63.66105
40373,2013,62.94886
40373,2014,62.37873
40387,1999,71.11782
40387,2000,71.4258
40387,2001,69.51475
40387,2002,69.79385
40387,2003,70.11819
40387,2004,68.14363
40387,2005,65.27787
40387,2006,63.13756
40387,2007,62.73363
40387,2008,62.11359
40387,2009,61.12039
40387,2010,60.09787
40387,2011,59.30908
40387,2012,59.77753
40387,2013,59.31172
40387,2014,58.51361
40388,1999,68.35001
40388,2000,70.26805
40388,2001,70.53977
40388,2002,70.73255
40388,2003,71.55961
40388,2004,70.14368
40388,2005,70.63711
40388,2006,72.94054
40388,2007,73.2679
40388,2008,73.82859
40388,2009,74.62504
40388,2010,74.24793
40388,2011,74.92547
40388,2012,74.93786
40388,2013,72.14088
40388,2014,72.42397
40389,1999,76.1583
40389,2000,77.99741
40389,2001,78.53341
40389,2002,80.14366
40389,2003,81.53636
40389,2004,81.14998
40389,2005,81.34706
40389,2006,80.80819
40389,2007,80.12834
40389,2008,79.84484
40389,2009,79.5346
40389,2010,80.41794
40389,2011,80.71998
40389,2012,81.40809
40389,2013,81.22311
40389,2014,81.9455
40500,1999,72.42819
40500,2000,74.92431
40500,2001,74.9534
40500,2002,74.63032
40500,2003,75.34333
40500,2004,72.93003
40500,2005,73.2026
40500,2006,75.45626
40500,2007,75.76715
40500,2008,76.51565
40500,2009,77.5002
40500,2010,76.9094
40500,2011,77.74654
40500,2012,77.70864
40500,2013,73.75536
40500,2014,73.95826
40505,1999,77.22442
40505,2000,77.01595
40505,2001,71.13654
40505,2002,71.92871
40505,2003,71.69736
40505,2004,68.55091
40505,2005,61.79978
40505,2006,57.64816
40505,2007,58.89492
40505,2008,60.17347
40505,2009,60.37514
40505,2010,60.59876
40505,2011,61.1417
40505,2012,61.15098
40505,2013,61.90352
40505,2014,60.51154
40510,1999,73.89488
40510,2000,75.74175
40510,2001,76.08542
40510,2002,77.35395
40510,2003,78.65328
40510,2004,78.11287
40510,2005,78.28204
40510,2006,78.40049
40510,2007,78.02567
40510,2008,78.01863
40510,2009,77.95972
40510,2010,78.60664
40510,2011,79.00009
40510,2012,79.62264
40510,2013,78.99223
40510,2014,79.6111
40515,1999,57.14929
40515,2000,59.01147
40515,2001,58.96512
40515,2002,61.6242
40515,2003,65.32995
40515,2004,65.60439
40515,2005,66.15779
40515,2006,65.64394
40515,2007,64.53997
40515,2008,62.82451
40515,2009,62.2219
40515,2010,63.18243
40515,2011,63.34833
40515,2012,64.11187
40515,2013,63.25059
40515,2014,64.22918
40520,1999,82.26533
40520,2000,84.87524
40520,2001,86.51058
40520,2002,88.46082
40520,2003,87.39233
40520,2004,87.61816
40520,2005,87.3392
40520,2006,86.42222
40520,2007,85.51421
40520,2008,84.93929
40520,2009,84.34863
40520,2010,83.91508
40520,2011,84.0937
40520,2012,83.66061
40520,2013,85.71923
40520,2014,85.91584
40525,1999,67.19731
40525,2000,67.37464
40525,2001,68.15551
40525,2002,69.58588
40525,2003,70.44204
40525,2004,71.80745
40525,2005,74.3923
40525,2006,76.98037
40525,2007,79.66066
40525,2008,80.93156
40525,2009,82.15192
40525,2010,81.93113
40525,2011,81.33974
40525,2012,81.94477
40525,2013,81.88331
40525,2014,82.22925
40530,1999,59.43098
40530,2000,60.61845
40530,2001,61.69843
40530,2002,62.73114
40530,2003,64.31455
40530,2004,62.92873
40530,2005,63.06371
40530,2006,62.72962
40530,2007,62.11225
40530,2008,60.71884
40530,2009,59.36473
40530,2010,57.72237
40530,2011,56.76004
40530,2012,56.62748
40530,2013,56.97727
40530,2014,57.0435
40535,1999,97.44578
40535,2000,97.3094
40535,2001,97.52491
40535,2002,97.46667
40535,2003,97.49567
40535,2004,97.19393
40535,2005,97.08374
40535,2006,96.85596
40535,2007,96.88616
40535,2008,97.06215
40535,2009,96.95558
40535,2010,97.18284
40535,2011,97.16656
40535,2012,97.22189
40535,2013,97.18463
40535,2014,97.2031
40540,1999,87.21217
40540,2000,87.05305
40540,2001,87.40215
40540,2002,87.02815
40540,2003,87.38344
40540,2004,87.47481
40540,2005,87.69191
40540,2006,87.36878
40540,2007,86.94736
40540,2008,87.03275
40540,2009,87.27066
40540,2010,87.87882
40540,2011,88.32064
40540,2012,89.15775
40540,2013,88.80322
40540,2014,88.49668
abw,1999,79.54545
abw,2000,83.57277
abw,2001,79.96516
abw,2002,79.06351
abw,2003,77.08657
abw,2004,78.65466
abw,2005,80.69732
abw,2006,82.51916
abw,2007,77.20494
abw,2008,79.83755
abw,2009,81.50121
abw,2010,82.19844
abw,2011,82.1653
abw,2012,86.42079
afg,2003,99.78334
afg,2004,99.65508
afg,2005,97.6822
afg,2007,98.79626
afg,2008,99.12032
afg,2009,94.00132
afg,2010,99.55653
afg,2011,99.53551
afg,2012,99.06426
afg,2013,99.32717
afg,2014,99.39453
ago,1999,27.40959
ago,2000,20.89067
ago,2001,25.69728
ago,2002,21.735
ago,2006,21.0184
ago,2007,21.5177
ago,2008,30.55333
ago,2009,30.22165
ago,2010,30.03636
ago,2011,30.49758
aia,1999,85.65217
aia,2000,86.75214
aia,2001,86.01695
aia,2002,88.94231
aia,2003,87.80488
aia,2005,100
aia,2007,100
aia,2008,100
aia,2009,99
aia,2010,99.54751
aia,2011,99.49749
alb,1999,90.84158
alb,2000,91.15053
alb,2001,90.87637
alb,2004,88.0022
alb,2006,86.16551
alb,2007,86.82985
alb,2008,87.54384
alb,2009,88.22335
alb,2010,90.59738
alb,2011,93.08526
alb,2012,93.93002
alb,2013,92.52797
alb,2014,91.459
and,2002,78.15315
and,2003,75.30562
and,2004,73.58025
and,2005,77.73438
and,2006,78.40708
and,2007,77.95699
and,2008,77.04082
and,2009,73.67601
and,2010,71.71561
and,2011,72.42991
and,2012,76.52174
and,2013,75.08772
and,2014,72.91339
are,1999,100
are,2000,100
are,2001,100
are,2002,100
are,2003,100
are,2004,100
are,2005,100
are,2006,100
are,2007,100
are,2009,100
are,2010,99.40631
are,2011,99.44239
are,2012,98.8929
are,2013,97.91768
are,2014,97.23198
arg,1999,100
arg,2000,100
arg,2001,100
arg,2002,100
arg,2003,100
arg,2004,100
arg,2005,100
arg,2006,100
arg,2007,100
arg,2008,100
arg,2009,100
arg,2010,100
arg,2011,100
arg,2012,100
arg,2013,100
arm,2000,98.17758
arm,2007,92.92465
arm,2008,90.64452
arm,2009,90.1167
arm,2010,88.7271
arm,2011,80.88287
arm,2012,79.68466
arm,2013,81.05475
arm,2014,77.77951
atg,2000,95.39789
atg,2008,93.06015
atg,2009,93.04947
atg,2010,89.63494
atg,2011,91.81208
atg,2012,93.62033
atg,2014,100
aus,1999,37.96906
aus,2000,36.81634
aus,2001,39.33646
aus,2002,40.76626
aus,2003,39.34134
aus,2004,41.97247
aus,2005,43.71789
aus,2006,58.96273
aus,2007,59.4178
aus,2008,58.10331
aus,2009,58.59828
aus,2010,58.17264
aus,2011,56.15562
aus,2012,54.27638
aus,2013,55.28541
aus,2014,54.58159
aut,1999,34.64195
aut,2000,33.8667
aut,2001,32.79752
aut,2002,32.48898
aut,2003,33.12058
aut,2004,26.40898
aut,2005,26.30171
aut,2006,26.74769
aut,2007,27.48
aut,2008,27.88176
aut,2009,27.72837
aut,2010,28.08029
aut,2011,28.17154
aut,2012,28.9914
aut,2013,34.07092
aut,2014,34.59365
aze,2006,61.06001
aze,2007,61.69131
aze,2008,60.33586
aze,2009,52.34438
aze,2010,53.20478
aze,2011,51.24387
aze,2012,49.51537
aze,2013,47.82244
aze,2014,46.27084
bdi,2000,81.77361
bdi,2001,81.7797
bdi,2002,81.67011
bdi,2003,76.87615
bdi,2004,73.58305
bdi,2005,77.38833
bdi,2006,79.34797
bdi,2007,78.57183
bdi,2009,80.25134
bdi,2010,81.12676
bdi,2011,78.30006
bdi,2012,83.41327
bdi,2013,76.00828
bdi,2014,70.95833
bel,1999,36.6897
bel,2000,35.08521
bel,2001,32.44004
bel,2002,31.92906
bel,2003,31.61942
bel,2004,49.4967
bel,2005,49.67061
bel,2006,49.59965
bel,2007,49.024
bel,2008,48.78863
bel,2009,48.57244
bel,2010,48.56419
bel,2011,48.87941
bel,2012,49.47966
bel,2013,41.42586
bel,2014,41.96649
ben,2000,61.614
ben,2001,60.46626
ben,2002,66.39634
ben,2003,67.95436
ben,2004,52.96227
ben,2005,44.23718
ben,2011,85.72926
ben,2013,89.69896
ben,2014,89.60809
bfa,1999,65.43599
bfa,2000,64.02533
bfa,2001,60.17814
bfa,2003,59.27491
bfa,2004,62.15694
bfa,2005,62.28439
bfa,2006,63.45915
bfa,2007,64.18969
bfa,2008,66.60604
bfa,2009,70.75524
bfa,2010,72.99989
bfa,2011,76.10786
bfa,2012,77.19022
bfa,2013,80.28128
bfa,2014,82.06819
bgd,1999,98.61458
bgd,2000,98.65219
bgd,2001,98.45175
bgd,2002,98.45498
bgd,2003,98.44907
bgd,2004,97.6254
bgd,2005,96.94673
bgd,2006,96.71905
bgd,2007,96.15621
bgd,2008,95.04737
bgd,2009,95.11792
bgd,2010,96.19733
bgd,2011,95.16782
bgd,2012,94.46984
bgd,2013,94.91064
bgr,1999,57.57987
bgr,2000,57.7565
bgr,2001,56.67624
bgr,2002,56.16432
bgr,2003,56.48702
bgr,2004,56.32138
bgr,2005,57.15621
bgr,2006,57.62329
bgr,2007,58.00645
bgr,2008,58.79498
bgr,2009,59.03467
bgr,2010,57.86111
bgr,2011,57.91097
bgr,2012,58.95872
bgr,2013,56.16517
bgr,2014,53.67305
bhr,1999,76.29907
bhr,2000,72.64178
bhr,2001,68.09176
bhr,2002,64.32501
bhr,2003,61.54826
bhr,2004,63.42276
bhr,2005,63.54703
bhr,2006,65.28093
bhr,2008,76.49498
bhr,2009,87.10664
bhr,2010,95.83117
bhr,2011,96.59137
bhr,2012,95.71184
bhr,2013,95.43483
bhr,2014,96.2512
bhs,1999,100
bhs,2002,100
bhs,2004,100
bhs,2005,100
bhs,2006,100
bhs,2007,100
bhs,2008,100
bhs,2009,100
bhs,2010,100
bih,2007,31.15616
bih,2008,31.82646
bih,2009,32.26593
bih,2010,32.50872
bih,2011,32.44845
bih,2012,31.97457
bih,2013,33.52788
bih,2014,32.57603
blr,2010,68.70189
blr,2011,65.47756
blr,2012,64.48119
blr,2013,67.05139
blr,2014,66.00419
blz,1999,100
blz,2000,100
blz,2001,82.51799
blz,2003,82.67394
blz,2004,84.95509
blz,2005,83.12746
blz,2006,82.98374
blz,2007,83.52579
blz,2008,82.86749
blz,2009,83.48075
blz,2010,83.12118
blz,2011,81.29176
blz,2012,81.84345
blz,2013,88.0799
blz,2014,87.24974
bmu,2001,100
bmu,2002,100
bmu,2003,100
bmu,2004,100
bmu,2005,100
bmu,2006,100
bmu,2010,100
bmu,2011,100
bmu,2012,100
bmu,2013,100
bmu,2014,100
bol,1999,96.21456
bol,2000,94.99985
bol,2001,100
bol,2002,100
bol,2003,100
bol,2004,100
bol,2006,100
bol,2007,100
bol,2008,100
bol,2009,100
bol,2010,100
bol,2011,100
bol,2012,100
bol,2013,100
bra,2002,95.05159
bra,2003,93.26912
bra,2004,93.57852
bra,2005,92.78631
bra,2007,88.3576
bra,2008,87.05888
bra,2009,85.99325
bra,2010,85.0334
bra,2011,84.19873
bra,2012,83.54044
bra,2013,91.35898
brb,1999,100
brb,2000,100
brb,2001,99.67693
brb,2002,99.42465
brb,2003,99.63142
brb,2004,99.90575
brb,2005,99.49002
brb,2006,100
brb,2007,100
brb,2008,100
brb,2009,100
brb,2010,100
brb,2011,100
brb,2014,100
brn,1999,90.67516
brn,2000,91.5036
brn,2001,90.71386
brn,2002,91.5026
brn,2003,90.40788
brn,2004,89.50754
brn,2005,88.41348
brn,2006,88.40284
brn,2007,89.39474
brn,2008,88.53509
brn,2009,88.09524
brn,2010,90.28399
brn,2011,88.93028
brn,2012,83.57389
brn,2013,81.77215
brn,2014,84.91243
btn,1999,100
btn,2000,100
btn,2001,85.57858
btn,2005,93.57186
btn,2006,92.65475
btn,2007,89.77726
btn,2008,100
btn,2009,100
btn,2010,100
btn,2011,100
btn,2012,100
btn,2013,96.62447
btn,2014,94.65686
bwa,1999,84.09807
bwa,2000,81.94525
bwa,2001,82.40475
bwa,2002,84.10789
bwa,2003,83.76303
bwa,2004,82.26623
bwa,2005,83.38042
bwa,2006,82.85469
bwa,2007,87.36326
bwa,2012,88.72903
bwa,2013,88.67134
caf,2001,62.78993
caf,2002,62.79666
caf,2009,87.31977
caf,2011,87.03015
caf,2012,89.70143
can,2012,93.38611
can,2013,93.01657
che,1999,41.8421
che,2000,42.11637
che,2001,41.99206
che,2002,42.70004
che,2003,42.35511
che,2004,42.93788
che,2005,43.17616
che,2006,43.8208
che,2007,42.84265
che,2008,42.48269
che,2009,41.64731
che,2010,40.25109
che,2011,41.24698
che,2012,41.16403
che,2013,41.35093
che,2014,41.49323
chl,1999,56.99323
chl,2000,57.6494
chl,2002,59.1368
chl,2003,62.77449
chl,2004,64.20268
chl,2005,64.29713
chl,2006,64.72872
chl,2007,64.86236
chl,2008,65.06117
chl,2009,65.48129
chl,2010,66.20662
chl,2011,65.88387
chl,2012,67.65658
chl,2013,70.83882
chl,2014,71.78936
chn,2003,58.20663
chn,2006,59.49327
chn,2007,57.80084
chn,2008,55.87812
chn,2009,54.57474
chn,2010,56.04597
chn,2011,56.34928
chn,2012,57.50281
chn,2013,56.02015
chn,2014,58.25325
civ,1999,88.50527
civ,2012,81.36339
civ,2014,81.79373
cmr,2003,84.94255
cmr,2004,84.72869
cmr,2005,84.7443
cmr,2006,84.80828
cmr,2007,81.46692
cmr,2008,84.83376
cmr,2009,80.03061
cmr,2011,79.74503
cmr,2012,78.87878
cmr,2013,81.75554
cmr,2014,78.85696
cod,2008,66.27547
cod,2009,68.14144
cod,2010,67.42304
cod,2012,69.82326
cod,2013,69.74427
cod,2014,69.97846
cog,2002,55.81661
cog,2003,48.77856
cog,2004,50.71595
cog,2012,80.04475
cok,1999,100
cok,2000,100
cok,2001,100
cok,2002,100
cok,2003,100
cok,2010,100
cok,2011,100
cok,2012,93.78531
col,2002,68.6008
col,2004,68.16231
col,2005,73.92917
col,2006,78.70145
col,2007,77.35172
col,2008,75.23271
col,2009,71.90185
col,2010,72.02214
col,2011,79.39981
col,2012,75.88874
col,2013,74.27599
col,2014,73.84721
com,1999,98.65192
com,2002,98.07895
com,2003,99.87342
com,2004,99.81593
com,2013,99.70253
cpv,2001,94.94018
cpv,2002,93.44451
cpv,2003,91.36996
cpv,2004,89.60202
cpv,2005,88.25421
cpv,2006,93.10614
cpv,2007,94.66356
cpv,2008,94.51677
cpv,2009,93.98607
cpv,2010,93.74451
cpv,2011,93.92075
cpv,2012,94.34844
cpv,2013,94.06458
cpv,2014,94.68204
cri,1999,81.04058
cri,2000,75.11388
cri,2001,75.89811
cri,2002,75.74494
cri,2004,77.38549
cri,2005,76.72074
cri,2006,82.37112
cri,2007,82.1571
cri,2008,81.95458
cri,2009,82.91943
cri,2010,82.70181
cri,2011,82.08957
cri,2012,79.08658
cri,2013,70.98215
cri,2014,68.39208
cub,1999,53.41962
cub,2000,53.55525
cub,2001,51.49495
cub,2002,51.09152
cub,2003,49.4243
cub,2004,49.20379
cub,2005,49.04556
cub,2006,50.15763
cub,2007,53.97137
cub,2008,57.70792
cub,2009,58.12443
cub,2010,60.87914
cub,2011,56.99173
cub,2012,56.36442
cub,2013,55.20359
cub,2014,63.57896
cuw,2013,37.57592
cym,1999,100
cym,2000,100
cym,2001,100
cym,2002,100
cym,2004,100
cym,2005,100
cym,2006,100
cym,2007,100
cym,2008,100
cym,2011,100
cym,2012,100
cym,2013,100
cyp,1999,95.60333
cyp,2000,95.58541
cyp,2001,95.3231
cyp,2002,95.2857
cyp,2003,95.16119
cyp,2004,95.26582
cyp,2005,95.23749
cyp,2006,95.48033
cyp,2007,95.96719
cyp,2008,96.18149
cyp,2009,95.92255
cyp,2010,95.68923
cyp,2011,95.71226
cyp,2012,95.55416
cyp,2013,94.84286
cyp,2014,93.70277
cze,1999,23.45412
cze,2000,23.99756
cze,2001,24.43936
cze,2002,24.43767
cze,2003,25.63347
cze,2004,25.99946
cze,2005,25.80698
cze,2006,25.91178
cze,2007,30.34651
cze,2008,31.75743
cze,2009,33.11343
cze,2010,33.59403
cze,2011,33.80171
cze,2012,34.15786
cze,2013,31.72182
cze,2014,32.14992
deu,1999,40.56014
deu,2000,42.76794
deu,2001,42.66135
deu,2002,42.9373
deu,2003,44.06362
deu,2004,45.08308
deu,2005,45.56611
deu,2006,46.77181
deu,2007,48.84555
deu,2008,48.83999
deu,2009,55.46568
deu,2010,56.89623
deu,2011,59.98504
deu,2012,60.43521
deu,2013,60.90544
deu,2014,60.52355
dji,1999,60.70097
dji,2000,65.91684
dji,2001,75.52483
dji,2002,76.20536
dji,2004,78.8835
dji,2005,79.72028
dji,2006,81.39804
dji,2007,80.55556
dji,2008,83.08157
dji,2009,85.93533
dji,2011,88.37068
dji,2012,88.86834
dji,2013,89.24907
dji,2014,86.15302
dji,2015,81.69536
dma,1999,100
dma,2000,100
dma,2001,100
dma,2002,100
dma,2003,100
dma,2004,100
dma,2005,100
dma,2006,100
dma,2007,100
dma,2008,100
dma,2009,100
dma,2010,100
dma,2011,100
dma,2012,100
dma,2013,100
dma,2014,100
dnk,1999,51.74075
dnk,2000,50.41995
dnk,2001,51.1771
dnk,2002,52.73655
dnk,2003,52.18302
dnk,2004,50.58824
dnk,2005,51.66225
dnk,2006,51.47992
dnk,2007,52.11725
dnk,2008,53.02385
dnk,2009,54.01621
dnk,2010,54.30106
dnk,2011,53.56584
dnk,2012,54.0787
dnk,2013,61.16891
dnk,2014,62.81705
dom,1999,90.28039
dom,2000,90.65228
dom,2002,92.11751
dom,2004,92.86494
dom,2005,91.13911
dom,2007,93.52991
dom,2008,91.88914
dom,2009,94.08387
dom,2010,92.0656
dom,2011,91.91264
dom,2012,91.63192
dom,2013,91.46685
dom,2014,91.05035
dza,1999,90.29331
dza,2000,90.35482
dza,2001,89.57926
dza,2002,90.14645
dza,2003,89.61967
dza,2004,87.2434
dza,2005,86.7832
dza,2006,90.04215
dza,2007,93.98634
dza,2008,89.70805
dza,2009,88.37412
dza,2010,90.54878
dza,2011,90.82041
ecu,1999,50.03321
ecu,2000,51.26534
ecu,2001,50.57264
ecu,2002,48.29066
ecu,2003,45.53124
ecu,2004,45.99156
ecu,2005,45.999
ecu,2006,45.9154
ecu,2007,46.15193
ecu,2010,51.73083
ecu,2011,51.86342
ecu,2012,53.86416
ecu,2013,28.39442
egy,2001,36.69287
egy,2003,38.44203
egy,2004,39.3289
egy,2009,48.0923
egy,2010,51.54152
egy,2011,52.11384
egy,2012,54.07838
egy,2013,55.10551
egy,2014,57.09538
eri,1999,99.23434
eri,2000,98.88551
eri,2001,98.52585
eri,2002,98.62226
eri,2003,98.45471
eri,2004,97.61825
eri,2005,97.47342
eri,2006,96.873
eri,2007,97.79132
eri,2008,97.96247
eri,2009,100
eri,2010,98.51869
eri,2011,98.31851
eri,2012,97.27167
eri,2013,98.09518
esp,1999,69.00071
esp,2000,67.48417
esp,2001,66.0735
esp,2002,64.1396
esp,2003,66.02841
esp,2004,64.45881
esp,2005,59.91443
esp,2006,59.79006
esp,2007,58.58404
esp,2008,58.61707
esp,2009,60.15937
esp,2010,58.77618
esp,2011,58.18819
esp,2012,57.74932
esp,2013,69.00428
esp,2014,68.3108
est,1999,76.89128
est,2000,77.73852
est,2001,78.92258
est,2002,79.32495
est,2003,80.84382
est,2004,80.46217
est,2005,79.39113
est,2006,79.62229
est,2007,79.25866
est,2008,78.38471
est,2009,77.22762
est,2010,75.99711
est,2011,75.94142
est,2012,76.30268
est,2013,76.27291
eth,1999,98.87569
eth,2000,97.84609
eth,2001,98.47159
eth,2002,84.67763
eth,2003,39.25079
eth,2004,38.11255
eth,2005,31.54808
eth,2006,33.78512
eth,2007,40.98688
eth,2008,36.35633
eth,2009,29.69554
eth,2010,35.74095
eth,2011,41.22553
eth,2012,57.00751
fin,1999,51.45894
fin,2000,48.47498
fin,2001,46.06693
fin,2002,45.32031
fin,2003,43.34368
fin,2004,52.74242
fin,2005,51.78755
fin,2006,50.91887
fin,2007,50.63487
fin,2008,50.23706
fin,2009,50.0644
fin,2010,48.85845
fin,2011,47.81991
fin,2012,47.20093
fin,2013,32.31894
fin,2014,31.96778
fji,1999,96.90527
fji,2000,93.32564
fji,2001,93.4445
fji,2002,95.40181
fji,2003,95.28824
fji,2004,95.40027
fji,2006,95.33849
fji,2007,94.00122
fji,2008,93.49997
fji,2009,95.79822
fji,2011,97.45829
fji,2012,98.605
fra,1999,48.64619
fra,2000,48.48172
fra,2001,49.13055
fra,2002,49.65064
fra,2003,49.30934
fra,2004,49.64885
fra,2005,49.74987
fra,2006,63.51343
fra,2007,62.60343
fra,2008,62.07327
fra,2009,61.79862
fra,2010,60.80312
fra,2011,60.71829
fra,2012,61.30231
fra,2013,62.32151
fra,2014,62.16356
gab,1999,80.95238
gbr,1999,66.1795
gbr,2000,65.42236
gbr,2001,66.07798
gbr,2002,64.43652
gbr,2003,66.20238
gbr,2004,61.72442
gbr,2005,61.00643
gbr,2006,68.85125
gbr,2007,68.85153
gbr,2008,77.19425
gbr,2009,78.42954
gbr,2010,77.37108
gbr,2011,83.69844
gbr,2012,82.84024
gbr,2013,55.71033
gbr,2014,56.95561
geo,1999,85.09545
geo,2000,88.78513
geo,2001,91.58569
geo,2002,92.95813
geo,2003,94.07701
geo,2004,94.89082
geo,2005,94.69082
geo,2006,96.62336
geo,2008,98.93854
geo,2013,87.16962
geo,2014,90.52622
gha,1999,94.47514
gha,2000,98.59877
gha,2001,98.10814
gha,2002,98.13256
gha,2003,97.927
gha,2004,98.11617
gha,2005,97.98243
gha,2006,90.27647
gha,2007,85.17926
gha,2008,85.77908
gha,2009,86.28047
gha,2011,91.33689
gha,2012,92.07912
gha,2013,95.24207
gha,2014,96.71888
gha,2015,97.2762
gib,1999,100
gib,2000,100
gib,2001,100
gib,2008,100
gib,2009,100
gin,1999,96.94971
gin,2000,96.98118
gin,2001,97.20475
gin,2002,97.7588
gin,2003,97.38656
gin,2004,97.30326
gin,2005,98.22092
gin,2006,98.25434
gin,2008,91.22137
gin,2011,81.8926
gin,2014,86.78398
gmb,2008,75.58746
gmb,2009,75.58641
gmb,2010,75.58611
gnb,2000,88.80309
gnq,1999,100
gnq,2000,95.74468
gnq,2001,100
gnq,2002,95.31532
gnq,2005,99.37163
grc,1999,80.32581
grc,2000,72.83788
grc,2001,69.65584
grc,2002,65.76339
grc,2003,69.82183
grc,2004,72.50538
grc,2005,71.40036
grc,2006,73.84421
grc,2007,76.33769
grc,2010,77.32286
grc,2011,75.6681
grc,2012,73.89101
grc,2013,72.84855
grd,2002,75.04456
grd,2003,88.26879
grd,2004,86.79173
grd,2005,87.43413
grd,2009,100
grd,2010,100
grd,2013,100
grd,2014,100
gtm,1999,7.55285
gtm,2000,7.9973
gtm,2001,8.57351
gtm,2002,8.69503
gtm,2004,8.05504
gtm,2005,8.36324
gtm,2006,8.363
gtm,2007,10.74582
gtm,2008,10.88007
gtm,2009,11.91003
gtm,2010,13.05685
gtm,2011,13.99356
gtm,2012,14.2295
gtm,2013,16.41258
gtm,2014,19.1016
guy,1999,95.1322
guy,2000,93.823
guy,2001,94.26879
guy,2005,92.63871
guy,2007,91.21607
guy,2008,99.46324
guy,2009,93.77684
guy,2010,93.54321
guy,2011,95.28653
guy,2012,95.71695
hkg,2001,98.68024
hkg,2002,98.88996
hkg,2003,98.90227
hkg,2004,98.76439
hkg,2005,98.71971
hkg,2006,98.86712
hkg,2007,99.06795
hkg,2008,99.48981
hkg,2009,99.57349
hkg,2010,99.51078
hkg,2011,99.42149
hkg,2012,99.32751
hkg,2013,99.11702
hkg,2014,99.10417
hnd,2013,55.7951
hnd,2014,43.78831
hrv,1999,31.01078
hrv,2000,31.65958
hrv,2001,32.11614
hrv,2002,32.22222
hrv,2003,32.09549
hrv,2005,32.79567
hrv,2006,33.84159
hrv,2007,34.45171
hrv,2008,34.82231
hrv,2009,35.33579
hrv,2010,34.37112
hrv,2011,35.95424
hrv,2012,36.18626
hrv,2014,36.19955
hun,1999,91.33721
hun,2000,92.7953
hun,2001,91.38614
hun,2002,89.80565
hun,2003,90.05751
hun,2004,78.8382
hun,2005,78.65123
hun,2006,79.11492
hun,2007,79.3601
hun,2008,79.50169
hun,2009,79.64452
hun,2010,78.54426
hun,2011,78.01066
hun,2012,77.25903
hun,2013,77.74713
hun,2014,79.40904
idn,1999,68.57292
idn,2001,67.89538
idn,2002,68.01751
idn,2003,67.97038
idn,2004,67.98544
idn,2005,69.70605
idn,2006,70.33688
idn,2007,71.73537
idn,2008,68.21263
idn,2009,67.39377
idn,2010,65.41697
idn,2011,63.45038
idn,2012,63.27806
idn,2013,65.25244
idn,2014,64.34054
ind,1999,98.86625
ind,2000,98.86625
ind,2001,99.24337
ind,2002,99.11814
ind,2003,99.22582
ind,2004,99.10098
ind,2005,99.04053
ind,2006,98.96196
ind,2007,98.90515
ind,2008,98.92643
ind,2013,98.99363
irl,1999,100
irl,2000,100
irl,2001,100
irl,2002,100
irl,2003,100
irl,2004,63.62351
irl,2005,65.85167
irl,2006,66.25241
irl,2007,66.13805
irl,2008,65.7321
irl,2009,64.23577
irl,2010,62.6727
irl,2011,67.64839
irl,2012,66.70552
irn,1999,90.36227
irn,2000,89.26949
irn,2001,89.36785
irn,2002,89.00905
irn,2003,86.86586
irn,2004,86.0974
irn,2005,85.62259
irn,2006,85.27501
irn,2007,85.78556
irn,2008,86.44624
irn,2009,86.40093
irn,2010,86.24392
irn,2011,86.01399
irn,2012,85.16646
irn,2013,82.76819
irn,2014,82.43109
irq,1999,93.65521
irq,2000,91.08088
irq,2003,81.45467
irq,2004,81.45458
irq,2007,97.27439
isl,1999,78.62934
isl,2000,77.46156
isl,2001,74.16011
isl,2002,71.26724
isl,2003,74.92109
isl,2004,68.11028
isl,2005,70.25831
isl,2006,70.0836
isl,2007,71.76259
isl,2008,71.09566
isl,2009,71.89744
isl,2010,71.23251
isl,2011,70.67228
isl,2012,71.4349
isr,1999,68.21859
isr,2000,73.36876
isr,2001,73.26312
isr,2002,70.8654
isr,2003,69.57064
isr,2004,69.2069
isr,2005,69.15477
isr,2006,69.65328
isr,2007,70.00838
isr,2008,69.46713
isr,2009,68.16142
isr,2010,65.07375
isr,2011,63.91819
isr,2012,62.79274
isr,2013,60.89257
isr,2014,59.8252
ita,1999,46.86519
ita,2000,76.82851
ita,2001,76.12155
ita,2002,75.26162
ita,2003,75.80871
ita,2004,48.20729
ita,2005,49.61732
ita,2006,50.58578
ita,2007,51.58526
ita,2008,51.97654
ita,2009,52.14389
ita,2010,50.91201
ita,2011,50.78293
ita,2012,51.57001
ita,2013,51.25081
jam,1999,99.34799
jam,2000,99.35902
jam,2001,99.32862
jam,2002,99.5903
jam,2003,99.60999
jam,2004,100
jam,2005,100
jam,2009,100
jam,2010,100
jam,2011,100
jam,2012,100
jam,2013,100
jam,2014,100
jor,1999,81.50699
jor,2000,81.74071
jor,2002,82.51942
jor,2003,82.03763
jor,2004,84.77083
jor,2005,87.58524
jor,2006,87.70492
jor,2008,89.05833
jor,2010,90.68649
jor,2011,91.1562
jpn,1999,76.48179
jpn,2000,76.8239
jpn,2001,77.02363
jpn,2002,77.24496
jpn,2003,77.62551
jpn,2004,78.37455
jpn,2005,78.20794
jpn,2006,78.32399
jpn,2007,78.5704
jpn,2008,78.86888
jpn,2009,79.06426
jpn,2010,79.27861
jpn,2011,79.55742
jpn,2012,79.72912
jpn,2013,79.93914
kaz,1999,87.58619
kaz,2000,85.14136
kaz,2006,66.17735
kaz,2010,62.97926
kaz,2011,67.17178
kaz,2012,67.03754
kaz,2013,67.08216
kaz,2014,63.02003
kaz,2015,61.79228
ken,1999,98.91951
ken,2000,99.26511
ken,2001,99.16196
ken,2002,98.86468
ken,2003,99.02874
ken,2004,98.40506
ken,2005,97.81972
ken,2006,97.14783
ken,2007,97.21603
ken,2008,97.31447
ken,2009,98.72012
kgz,1999,89.12929
kgz,2000,90.0066
kgz,2001,84.87156
kgz,2002,85.98329
kgz,2003,90.29804
kgz,2004,89.79339
kgz,2005,88.74502
kgz,2006,88.77087
kgz,2007,88.99613
kgz,2008,92.49773
kgz,2009,91.56892
kgz,2010,91.54683
kgz,2011,71.93922
kgz,2013,73.53548
kgz,2014,65.88746
khm,1999,88.39306
khm,2000,92.08575
khm,2001,91.60418
khm,2002,92.36479
khm,2003,89.76973
khm,2004,91.79199
khm,2006,94.11455
khm,2007,91.03703
khm,2008,91.58411
kir,1999,100
kir,2000,100
kir,2001,100
kir,2002,100
kir,2003,100
kir,2004,100
kir,2005,100
kir,2006,100
kir,2007,100
kir,2008,100
kna,2000,100
kna,2001,100
kna,2002,100
kna,2003,100
kna,2004,100
kna,2005,100
kna,2007,100
kna,2008,100
kna,2009,100
kna,2010,100
kna,2011,100
kna,2012,100
kna,2013,100
kna,2014,100
kor,1999,61.19277
kor,2000,63.08346
kor,2001,65.17574
kor,2002,67.58738
kor,2003,69.28009
kor,2004,71.00933
kor,2005,72.09056
kor,2006,72.90311
kor,2007,73.91124
kor,2008,75.37707
kor,2009,76.46905
kor,2010,77.12551
kor,2011,79.68912
kor,2012,81.8855
kor,2013,83.8728
kwt,1999,98.33888
kwt,2000,96.98181
kwt,2001,97.03216
kwt,2003,91.21826
kwt,2004,89.05693
kwt,2005,90.52725
kwt,2006,99.11318
kwt,2007,98.96525
kwt,2008,99.475
kwt,2009,99.0427
kwt,2010,99.11353
kwt,2011,99.11523
kwt,2012,94.94693
lao,1999,95.7288
lao,2000,95.83726
lao,2001,96.57472
lao,2002,96.74419
lao,2003,96.38127
lao,2004,96.97765
lao,2005,97.12731
lao,2006,97.74527
lao,2007,98.19599
lao,2008,98.75842
lao,2009,99.10613
lao,2010,98.81288
lao,2011,98.47713
lao,2012,96.71798
lao,2013,95.68224
lao,2014,94.72827
lbn,1999,78.95848
lbn,2000,78.90625
lbn,2001,79.87077
lbn,2002,79.82986
lbn,2003,78.35182
lbn,2004,78.20185
lbn,2005,78.11963
lbn,2006,79.53199
lbn,2007,78.98298
lbn,2008,78.0371
lbn,2009,75.55955
lbn,2010,76.83124
lbn,2011,73.01329
lbn,2012,78.36792
lbn,2013,78.06312
lbr,1999,82.51095
lbr,2000,66.36224
lbr,2011,79.74548
lby,2002,50.42675
lby,2003,50.42666
lca,1999,100
lca,2000,100
lca,2001,100
lca,2002,100
lca,2003,100
lca,2004,100
lca,2005,100
lca,2006,100
lca,2007,100
lca,2008,100
lca,2009,100
lca,2010,100
lca,2011,100
lca,2012,100
lca,2013,100
lca,2014,100
lie,2003,32.2239
lie,2004,35.04132
lie,2005,38.17035
lie,2006,36.75079
lie,2007,29.16667
lie,2008,31.2812
lie,2009,22.63514
lie,2010,27.52
lie,2011,29.0625
lie,2012,30.48212
lie,2014,39.47001
lka,2010,90.98512
lka,2011,89.9704
lka,2012,89.88439
lka,2013,89.70725
lso,1999,99.21144
lso,2000,99.334
lso,2001,98.97065
lso,2002,98.77235
lso,2003,97.31699
lso,2004,97.30404
lso,2005,98.16625
lso,2006,98.22468
lso,2007,98.15049
lso,2008,98.20711
lso,2009,98.23872
lso,2010,98.32599
lso,2011,98.32545
lso,2012,86.56116
lso,2013,86.46117
lso,2014,96.36031
ltu,1999,65.87563
ltu,2000,68.55804
ltu,2001,74.26552
ltu,2002,77.47551
ltu,2003,79.46314
ltu,2004,78.66662
ltu,2005,78.60052
ltu,2006,78.79211
ltu,2007,78.3493
ltu,2008,78.8517
ltu,2009,79.14656
ltu,2010,78.68862
ltu,2011,78.34542
ltu,2012,78.06444
ltu,2013,79.54094
ltu,2014,79.83554
lux,1999,39.2061
lux,2000,38.97152
lux,2001,38.78815
lux,2002,38.90316
lux,2003,38.88028
lux,2004,40.27552
lux,2005,41.19218
lux,2006,42.15574
lux,2007,42.5832
lux,2008,42.81306
lux,2010,42.95584
lux,2011,43.04576
lux,2012,43.20154
lux,2013,42.53405
lva,1999,71.62523
lva,2000,70.17373
lva,2001,69.99237
lva,2002,69.10372
lva,2003,69.92934
lva,2004,71.20222
lva,2005,72.42131
lva,2006,73.02742
lva,2007,72.62566
lva,2008,72.16457
lva,2009,66.97271
lva,2010,66.93075
lva,2011,65.46472
lva,2012,63.3575
lva,2013,67.786
lva,2014,66.86326
mac,1999,96.32251
mac,2000,95.14781
mac,2001,94.73975
mac,2002,93.47616
mac,2003,93.66822
mac,2004,93.27479
mac,2005,94.10844
mac,2006,94.50037
mac,2007,94.30362
mac,2008,94.74608
mac,2009,94.22829
mac,2010,93.9161
mac,2011,93.15509
mac,2012,92.95169
mac,2013,92.27036
mac,2014,92.96564
mar,1999,85.92061
mar,2000,86.96623
mar,2001,87.04494
mar,2002,89.24588
mar,2003,89.37559
mar,2004,90.29708
mar,2005,90.13277
mar,2006,90.04995
mar,2007,90.05251
mar,2008,90.18079
mar,2009,90.25131
mar,2010,90.18473
mar,2011,90.42356
mar,2012,90.41969
mar,2013,94.33079
mco,1999,66.9024
mco,2000,71.20344
mco,2001,69.51952
mco,2008,74.23729
mco,2009,68.40336
mco,2010,64.24419
mco,2011,70.37037
mco,2012,73.26284
mco,2013,75.71885
mco,2014,76.69291
mda,1999,75.17068
mda,2000,79.1648
mda,2001,81.80972
mda,2002,82.70607
mda,2003,84.28784
mda,2004,78.36134
mda,2005,74.54702
mda,2006,72.56667
mda,2007,73.0693
mda,2008,71.03279
mda,2009,69.00385
mda,2010,71.36811
mda,2011,72.46043
mda,2012,71.34472
mda,2013,69.29959
mda,2014,67.41892
mdg,2005,89.2842
mdg,2006,88.40498
mdg,2007,89.37018
mdg,2008,89.5265
mdg,2009,92.20593
mdg,2011,94.98389
mdg,2012,94.89125
mdg,2014,96.19203
mdv,1999,100
mdv,2000,57.32218
mdv,2001,29.70297
mdv,2002,76.71233
mdv,2003,68.30443
mdv,2004,69.54545
mex,1999,85.29883
mex,2000,86.64521
mex,2001,87.58255
mex,2002,88.61364
mex,2003,89.38891
mex,2004,89.87566
mex,2005,90.23517
mex,2006,90.70888
mex,2007,91.04969
mex,2008,91.26258
mex,2009,91.36879
mex,2010,91.5152
mex,2011,91.67066
mex,2012,91.7772
mhl,1999,100
mhl,2002,100
mhl,2003,100
mhl,2004,100
mhl,2005,100
mhl,2006,100
mhl,2007,93.92231
mkd,1999,40.65138
mkd,2000,42.16491
mkd,2001,43.71004
mkd,2002,44.65272
mkd,2003,45.0318
mkd,2004,45.59967
mkd,2005,45.42803
mkd,2007,45.62873
mkd,2008,46.21026
mkd,2009,46.41866
mkd,2010,45.03145
mkd,2011,44.87768
mkd,2012,45.18711
mli,1999,56.65332
mli,2000,60.39231
mli,2003,55.31126
mli,2004,57.34264
mli,2005,57.90174
mli,2006,57.6107
mli,2007,51.58239
mli,2008,55.3836
mli,2009,55.00737
mli,2010,53.60995
mli,2011,56.38967
mli,2013,58.23716
mli,2014,60.85063
mlt,1999,92.11896
mlt,2000,82.24167
mlt,2001,80.65614
mlt,2002,76.27353
mlt,2003,75.79197
mlt,2004,64.2741
mlt,2005,62.81071
mlt,2006,64.77556
mlt,2007,63.94948
mlt,2008,60.57348
mlt,2010,60.17448
mlt,2011,77.95353
mlt,2012,90.85844
mlt,2013,89.11495
mlt,2014,88.97503
mmr,1999,100
mmr,2000,100
mmr,2001,100
mmr,2002,100
mmr,2003,100
mmr,2004,100
mmr,2005,100
mmr,2006,100
mmr,2007,100
mmr,2009,100
mmr,2010,100
mmr,2014,100
mne,2001,36.54875
mne,2002,35.14921
mne,2003,35.36447
mne,2004,35.91598
mne,2005,36.77431
mne,2006,36.5881
mne,2007,36.69391
mne,2008,35.99745
mne,2009,36.39208
mne,2010,36.36247
mne,2011,36.87948
mne,2012,38.39314
mne,2015,38.57707
mng,1999,80.27356
mng,2000,82.75049
mng,2001,84.89288
mng,2002,83.38895
mng,2003,82.4218
mng,2004,81.46977
mng,2005,82.02448
mng,2006,82.10365
mng,2009,77.81853
mng,2010,74.30459
mng,2013,80.59212
mng,2014,81.42023
moz,1999,83.37829
moz,2000,84.34091
moz,2001,86.02305
moz,2002,89.34969
moz,2004,92.33396
moz,2005,93.69331
moz,2006,96.42439
moz,2007,96.45318
moz,2008,96.24072
moz,2009,92.99835
moz,2010,93.99196
moz,2011,93.73353
moz,2012,94.45384
moz,2013,93.11647
moz,2014,92.6447
mrt,1999,94.39311
mrt,2000,93.74808
mrt,2001,94.61059
mrt,2002,95.21707
mrt,2003,92.58529
mrt,2004,92.85502
mrt,2005,93.94734
mrt,2006,95.34044
mrt,2008,95.5818
mrt,2009,95.58205
mrt,2010,95.58565
mrt,2011,95.37988
mrt,2012,96.2627
mrt,2013,96.44724
mrt,2014,96.12658
msr,1999,100
msr,2000,100
msr,2001,100
msr,2002,100
msr,2004,100
msr,2005,100
msr,2006,100
msr,2007,100
msr,2009,100
msr,2014,100
mus,1999,97.51964
mus,2000,97.08753
mus,2001,96.9773
mus,2002,94.45468
mus,2003,94.08876
mus,2004,93.26694
mus,2005,92.80788
mus,2006,96.24965
mus,2007,96.14968
mus,2008,96.24394
mus,2009,96.44274
mus,2010,96.08094
mus,2011,96.20609
mus,2012,96.26187
mus,2013,96.36966
mus,2014,95.22574
mwi,1999,100
mwi,2000,100
mwi,2001,100
mwi,2002,100
mwi,2004,100
mwi,2005,100
mwi,2006,100
mwi,2007,100
mwi,2008,100
mwi,2009,100
mwi,2010,100
mwi,2011,100
mwi,2012,100
mwi,2013,100
mwi,2014,100
mys,1999,87.7549
mys,2000,88.11188
mys,2001,87.96957
mys,2002,88.23343
mys,2003,89.84947
mys,2004,89.53808
mys,2005,89.02503
mys,2006,88.55021
mys,2007,87.33479
mys,2008,87.00687
mys,2009,87.49312
mys,2010,87.88665
mys,2011,87.10907
mys,2012,84.34109
mys,2013,85.07038
mys,2014,83.45436
nam,1999,100
nam,2000,100
nam,2001,100
nam,2002,100
nam,2003,100
nam,2004,100
nam,2005,100
nam,2006,100
nam,2007,100
ner,1999,72.27004
ner,2001,69.56363
ner,2002,85.9277
ner,2003,87.66785
ner,2004,83.11927
ner,2005,83.74888
ner,2006,79.07208
ner,2007,80.16003
ner,2008,81.27958
ner,2009,82.4339
ner,2010,76.39923
ner,2011,74.74562
ner,2012,54.73006
ner,2013,56.45263
ner,2014,46.54922
nic,1999,83.17754
nic,2000,83.31007
nic,2001,83.2892
nic,2002,84.87701
nic,2004,84.72421
nic,2005,85.30598
nic,2006,86.02748
nic,2007,88.35337
nic,2008,90.87725
nic,2010,94.96688
niu,1999,100
niu,2001,100
niu,2004,100
nld,1999,36.10367
nld,2000,34.91883
nld,2001,32.64193
nld,2002,33.53813
nld,2003,32.92713
nld,2004,32.878
nld,2005,33.60837
nld,2006,34.09174
nld,2007,34.34362
nld,2008,34.49346
nld,2009,34.27677
nld,2010,34.03846
nld,2011,33.47424
nld,2012,33.56279
nld,2013,34.15471
nor,1999,52.59447
nor,2000,48.68093
nor,2001,48.26564
nor,2002,47.79008
nor,2003,46.27779
nor,2004,44.73725
nor,2005,45.14316
nor,2006,46.57083
nor,2007,49.95734
nor,2008,52.99426
nor,2009,54.25346
nor,2010,53.5246
nor,2011,54.31019
nor,2012,55.67122
nor,2013,55.84929
nor,2014,57.66045
npl,1999,97.73654
npl,2000,97.6419
npl,2001,97.96533
npl,2002,98.32028
npl,2003,98.73067
npl,2005,98.19276
npl,2006,98.2457
npl,2007,98.70822
npl,2008,99.16579
npl,2009,99.1153
npl,2010,99.19939
npl,2011,99.20608
npl,2012,99.21936
npl,2013,99.21671
npl,2014,99.22848
npl,2015,99.23045
nru,2001,100
nru,2002,100
nru,2007,100
nru,2012,100
nru,2014,100
nzl,2002,73.49044
nzl,2009,61.77385
nzl,2010,71.06884
nzl,2011,71.44352
nzl,2012,73.99675
nzl,2013,64.66958
nzl,2014,64.43233
omn,1999,100
omn,2000,100
omn,2001,100
omn,2002,100
omn,2003,100
omn,2005,100
omn,2006,100
omn,2007,100
omn,2008,100
omn,2009,100
omn,2011,100
omn,2012,100
omn,2013,100
omn,2014,100
pak,2006,92.43232
pak,2007,92.66503
pak,2008,92.6731
pak,2009,90.92495
pak,2010,90.82772
pak,2011,90.37608
pak,2012,90.28688
pak,2013,90.76005
pak,2014,91.78911
pan,1999,39.99915
pan,2000,42.71457
pan,2001,43.79938
pan,2002,46.89041
pan,2004,48.54965
pan,2005,51.73177
pan,2006,55.8674
pan,2007,61.53717
pan,2008,60.91811
pan,2009,60.03094
pan,2010,59.35045
pan,2011,58.50729
pan,2012,71.52956
per,1999,100
per,2000,100
per,2001,100
per,2002,100
per,2003,100
per,2004,100
per,2005,100
per,2006,100
per,2007,100
per,2008,100
per,2009,100
per,2010,100
per,2011,100
per,2012,100
per,2013,100
per,2014,100
phl,1999,100
phl,2001,100
phl,2002,100
phl,2003,100
phl,2004,100
phl,2005,100
phl,2006,100
phl,2007,100
phl,2008,100
phl,2009,100
phl,2013,100
plw,1999,100
plw,2000,100
plw,2003,100
plw,2004,100
plw,2005,100
plw,2006,100
plw,2007,100
plw,2013,100
plw,2014,100
png,2012,96.7952
pol,1999,44.22982
pol,2000,45.99569
pol,2001,47.91848
pol,2002,48.93419
pol,2003,55.76607
pol,2004,60.80971
pol,2005,65.75681
pol,2006,66.61449
pol,2007,65.52384
pol,2008,63.28769
pol,2009,61.09791
pol,2010,59.37654
pol,2011,58.37206
pol,2012,57.96519
pol,2013,62.09549
pri,2013,96.00693
prk,2009,100
prt,1999,78.81992
prt,2000,79.26688
prt,2001,75.74425
prt,2002,75.13222
prt,2003,75.56878
prt,2004,75.5856
prt,2005,73.38417
prt,2006,73.03146
prt,2007,72.09976
prt,2008,69.85836
prt,2009,64.86686
prt,2010,63.67244
prt,2011,63.39091
prt,2012,63.41973
prt,2013,59.84367
prt,2014,60.09309
pry,1999,81.68403
pry,2000,80.92231
pry,2001,80.38595
pry,2002,80.51396
pry,2003,78.26429
pry,2004,79.25026
pry,2005,78.81108
pry,2006,78.06125
pry,2007,77.24629
pry,2008,76.57469
pry,2009,76.13073
pry,2010,75.93128
pry,2011,75.52871
pry,2012,78.12732
pse,1999,98.39033
pse,2000,98.13102
pse,2001,97.72493
pse,2002,97.43613
pse,2003,97.4391
pse,2004,97.4635
pse,2005,97.24626
pse,2006,97.1744
pse,2007,96.87962
pse,2008,97.09763
pse,2009,96.55525
pse,2010,96.01673
pse,2011,99.64552
pse,2012,99.59166
pse,2013,99.54407
pse,2014,99.50164
qat,1999,100
qat,2000,100
qat,2001,100
qat,2002,100
qat,2003,100
qat,2004,100
qat,2005,100
qat,2006,100
qat,2007,100
qat,2008,100
qat,2009,100
qat,2010,100
qat,2011,100
qat,2012,100
qat,2013,100
qat,2014,100
rou,1999,40.31769
rou,2000,45.79818
rou,2001,44.3608
rou,2002,43.8785
rou,2003,43.4314
rou,2004,42.85054
rou,2005,42.21897
rou,2006,42.42258
rou,2007,42.49024
rou,2008,42.6262
rou,2009,43.71436
rou,2010,43.98869
rou,2011,45.12478
rou,2012,46.505
rou,2013,48.49966
rou,2014,51.18784
rus,2003,69.13567
rus,2004,68.11468
rus,2005,66.6466
rus,2006,65.41799
rus,2007,63.96135
rus,2008,62.92251
rus,2009,61.28326
rus,2011,57.76876
rus,2012,58.10066
rus,2013,56.61792
rus,2014,56.23052
rwa,1999,26.56386
rwa,2000,27.53861
rwa,2002,34.82158
rwa,2003,39.33906
rwa,2004,38.11323
rwa,2005,42.75629
rwa,2006,47.40202
rwa,2007,52.04498
rwa,2008,52.04399
rwa,2009,49.98745
rwa,2011,58.57434
rwa,2012,68.93087
rwa,2013,68.91182
rwa,2014,69.59124
sau,2005,99.15016
sau,2009,100
sau,2013,96.17667
sau,2014,95.6056
sdn,2001,95.29798
sdn,2002,95.90346
sdn,2003,97.79966
sdn,2004,97.67071
sdn,2005,97.35676
sdn,2006,93.03048
sdn,2007,97.88243
sdn,2008,98.02554
sdn,2009,98.08177
sdn,2010,98.07553
sdn,2011,98.76109
sdn,2012,98.47735
sdn,2013,97.83695
sen,1999,93.44291
sen,2000,93.21597
sen,2001,93.59673
sen,2002,93.82372
sen,2004,94.67581
sen,2005,94.81919
sen,2006,94.83138
sen,2008,93.78233
sgp,2007,91.49713
sgp,2008,91.83614
sgp,2009,91.75134
slb,2000,100
slb,2002,100
slb,2005,100
slb,2006,100
slb,2007,100
slb,2010,100
slb,2011,100
slb,2012,100
sle,2001,69.88589
slv,2000,40.15829
slv,2001,40.52049
slv,2002,34.42014
slv,2003,37.97022
slv,2004,40.15831
slv,2005,40.83908
slv,2006,42.29476
slv,2007,44.30722
slv,2008,42.67452
slv,2009,42.62674
slv,2010,43.23928
slv,2011,52.95151
slv,2012,45.12471
slv,2013,45.96775
slv,2014,52.59536
smr,2000,100
smr,2008,75.84683
smr,2009,73.67668
smr,2010,75.83213
smr,2011,78.0236
smr,2012,76.75753
som,2007,100
srb,1999,28.96642
srb,2000,29.49575
srb,2001,30.08431
srb,2002,29.49369
srb,2003,28.53924
srb,2004,28.64921
srb,2005,28.83368
srb,2006,28.67926
srb,2007,28.79357
srb,2008,28.62648
srb,2009,28.31788
srb,2010,28.25334
srb,2011,28.08188
srb,2012,28.07037
srb,2013,28.25842
srb,2014,28.602
stp,2003,99.13181
stp,2004,99.05797
stp,2005,99.0271
stp,2007,97.97508
stp,2008,90
stp,2009,90.19316
stp,2010,89.2638
stp,2011,86.55914
stp,2012,87.6862
stp,2013,80.74945
stp,2015,80.07634
sur,2001,35.22409
sur,2002,33.35541
sur,2005,36.53731
sur,2006,33.68714
sur,2007,34.78172
sur,2008,35.74788
sur,2009,37.33806
sur,2011,44.8596
sur,2013,92.39414
svk,1999,23.6097
svk,2000,24.32924
svk,2001,25.78907
svk,2002,27.5798
svk,2003,29.13
svk,2004,30.95756
svk,2005,31.2048
svk,2006,32.01041
svk,2007,32.46307
svk,2008,33.44898
svk,2009,34.48625
svk,2010,35.00395
svk,2011,35.79852
svk,2012,36.48856
svk,2013,37.65887
svk,2014,36.95595
svn,1999,29.80323
svn,2000,32.80283
svn,2001,32.44867
svn,2002,35.2269
svn,2003,36.82155
svn,2004,45.0569
svn,2005,46.11611
svn,2006,47.17257
svn,2007,48.23375
svn,2008,49.12156
svn,2009,49.56463
svn,2010,49.64104
svn,2011,49.16635
svn,2012,48.50689
svn,2013,41.36895
svn,2014,40.26027
swe,1999,51.55782
swe,2000,51.58575
swe,2001,48.79869
swe,2002,51.10992
swe,2003,52.61119
swe,2004,38.75408
swe,2005,48.16077
swe,2006,47.49574
swe,2007,46.61313
swe,2008,45.75002
swe,2009,45.66497
swe,2010,45.97157
swe,2011,46.58242
swe,2012,56.37615
swe,2013,55.47578
swe,2014,58.74527
swz,1999,100
swz,2000,100
swz,2001,100
swz,2002,100
swz,2003,100
swz,2004,100
swz,2005,100
swz,2006,100
swz,2007,100
swz,2009,100
swz,2010,100
swz,2011,100
swz,2013,100
sxm,2012,34.64052
sxm,2014,51.48649
syc,1999,100
syc,2000,100
syc,2001,100
syc,2002,100
syc,2003,100
syc,2004,100
syc,2005,100
syc,2007,100
syc,2008,100
syc,2009,100
syc,2010,100
syc,2011,99.04875
syc,2012,97.7354
syc,2013,96.35688
syc,2014,94.77848
syr,1999,58.51553
syr,2000,59.37575
syr,2001,64.18527
syr,2002,68.01802
syr,2003,70.90344
syr,2004,71.11785
syr,2005,75.08394
syr,2006,78.25391
syr,2007,81.8293
syr,2008,82.9768
syr,2009,83.20344
syr,2010,83.17702
syr,2011,82.2788
syr,2012,82.34244
syr,2013,83.44191
tca,1999,70.23256
tca,2000,100
tca,2003,100
tca,2004,100
tca,2009,100
tca,2014,100
tca,2015,100
tcd,1999,83.80202
tcd,2000,86.89067
tcd,2001,88.3303
tcd,2002,89.37367
tcd,2003,89.52676
tcd,2004,89.96511
tcd,2005,90.77962
tcd,2006,91.42444
tcd,2007,94.22969
tcd,2008,92.20202
tcd,2009,93.75127
tcd,2010,93.6658
tcd,2011,93.68493
tcd,2012,92.99744
tcd,2013,93.08657
tgo,1999,71.29971
tgo,2000,70.60339
tgo,2003,64.57534
tgo,2004,65.46452
tgo,2005,62.02077
tgo,2006,63.58007
tgo,2007,63.13545
tha,2001,66.90816
tha,2002,70.81463
tha,2004,68.55583
tha,2005,67.44496
tha,2006,66.27294
tha,2007,66.63672
tha,2008,66.8529
tha,2009,68.33948
tha,2010,69.49855
tha,2011,70.74846
tha,2012,72.37397
tha,2013,73.63704
tjk,1999,81.88384
tjk,2000,83.88293
tjk,2001,85.79812
tjk,2002,87.30457
tjk,2003,86.61754
tjk,2004,89.33463
tjk,2005,90.542
tjk,2006,90.13615
tjk,2007,91.69822
tjk,2008,92.41731
tjk,2009,93.17957
tjk,2010,95.81852
tjk,2011,94.29127
tjk,2012,94.99491
tjk,2013,98.70458
tkl,2000,100
tkl,2001,100
tkl,2002,100
tkl,2003,100
tkm,2014,82.26977
tls,2008,100
tls,2009,89.52296
tls,2010,87.40078
tls,2011,86.26875
tls,2012,89.01131
tls,2013,89.95679
tls,2014,90.6806
ton,1999,88.23777
ton,2001,88.37209
tto,2004,98.9295
tun,2000,93.6069
tun,2001,94.23672
tun,2002,97.20329
tun,2003,96.96164
tun,2004,96.72129
tun,2005,96.18356
tun,2006,95.25127
tun,2008,94.43567
tun,2009,93.78153
tun,2010,94.88506
tun,2011,94.05788
tur,1999,59.01497
tur,2000,60.04993
tur,2001,68.19003
tur,2002,69.56015
tur,2003,71.00641
tur,2004,65.66392
tur,2005,67.03095
tur,2006,67.06785
tur,2007,65.95523
tur,2008,63.52418
tur,2009,61.09338
tur,2010,58.49432
tur,2011,56.97614
tur,2012,55.06878
tur,2013,56.28917
tuv,2014,100
tza,2010,42.47789
tza,2012,32.50291
tza,2013,33.99895
uga,2000,71.96293
uga,2001,71.96038
uga,2002,78.81271
uga,2003,80.44685
uga,2004,80.44683
uga,2005,80.50418
uga,2006,81.11839
uga,2008,77.10325
ukr,1999,81.01351
ukr,2000,84.93773
ukr,2001,84.80993
ukr,2002,85.76118
ukr,2003,85.90088
ukr,2004,83.98176
ukr,2005,83.18078
ukr,2006,82.55919
ukr,2007,82.58897
ukr,2008,81.65898
ukr,2009,81.01829
ukr,2010,78.12321
ukr,2011,76.02998
ukr,2012,78.4104
ukr,2013,76.18553
ukr,2014,76.47378
ury,1999,83.79342
ury,2000,85.15832
ury,2001,84.1827
ury,2002,84.44472
ury,2003,85.06517
ury,2004,84.50044
ury,2005,84.59809
ury,2006,83.41714
ury,2007,76.78948
ury,2008,75.68646
ury,2009,77.0833
ury,2010,75.14021
ury,2013,73.9961
usa,2000,100
usa,2001,100
usa,2002,100
usa,2003,100
usa,2004,100
usa,2005,100
usa,2006,100
usa,2007,100
usa,2008,100
usa,2009,100
usa,2010,100
usa,2011,100
usa,2012,100
usa,2013,100
usa,2014,100
uzb,1999,64.91664
uzb,2000,65.00296
uzb,2003,59.80431
uzb,2004,54.45119
uzb,2005,43.26249
uzb,2006,36.48922
vct,2000,100
vct,2001,100
vct,2002,100
vct,2003,100
vct,2004,100
vct,2005,100
vct,2007,100
vct,2008,100
vct,2009,100
vct,2010,100
ven,1999,92.70804
ven,2000,91.67952
ven,2001,91.04659
ven,2002,90.26863
ven,2003,89.89897
ven,2004,88.89734
ven,2005,88.55516
ven,2006,84.03105
ven,2007,84.64808
ven,2008,84.64671
ven,2009,83.87993
ven,2010,85.34454
ven,2011,85.89676
ven,2012,84.97363
ven,2013,84.87312
ven,2014,85.69867
vgb,1999,100
vgb,2000,100
vgb,2001,100
vgb,2002,100
vgb,2003,100
vgb,2004,100
vgb,2005,100
vgb,2006,100
vgb,2007,100
vgb,2009,100
vgb,2010,100
vgb,2011,100
vgb,2012,100
vgb,2013,100
vgb,2014,100
vut,1999,60.58394
vut,2000,50.36765
vut,2001,48.92148
vut,2002,38.69193
vut,2003,45.60099
vut,2004,45.72722
vut,2010,77.85118
wsm,1999,100
wsm,2000,100
wsm,2001,100
wsm,2002,100
wsm,2003,100
wsm,2004,100
wsm,2005,100
wsm,2006,100
wsm,2007,100
wsm,2009,100
wsm,2010,100
wsm,2011,100
wsm,2012,100
wsm,2014,100
xdn,1999,95.11267
xdn,2000,95.1255
xdn,2001,95.13907
xdn,2002,96.06787
xdn,2003,95.97147
xdn,2004,96.898
xdn,2005,98.31174
xdn,2007,97.93632
xdn,2008,98.07723
xdn,2009,98.18268
yem,1999,98.36685
yem,2001,98.74081
yem,2003,99.69525
yem,2004,99.71762
yem,2005,99.68312
yem,2008,99.66921
yem,2010,99.75154
yem,2011,99.74943
yem,2012,99.74932
yem,2013,99.69602
zaf,1999,94.27756
zaf,2000,92.95581
zaf,2001,92.25733
zaf,2002,91.94518
zaf,2003,92.17428
zaf,2004,92.03233
zaf,2005,93.61472
zaf,2006,93.24028
zaf,2007,92.84981
zaf,2008,92.42393
zaf,2009,92.01397
zaf,2010,92.93742
zaf,2011,92.89894
zaf,2012,92.61505
zaf,2013,89.3004
zaf,2014,89.32873
zwe,1999,100
zwe,2000,100
zwe,2001,100
zwe,2002,100
zwe,2003,100
zwe,2012,100
zwe,2013,100
