time,ner_2t3_f_cp,location
1999,88.54515,19700
2000,88.58947,19700
2001,89.10045,19700
2002,88.65295,19700
2003,89.83687,19700
2004,89.6184,19700
2005,89.56956,19700
2006,89.36151,19700
2007,89.32516,19700
2008,89.7376,19700
2009,89.98258,19700
2010,89.99267,19700
2011,90.15233,19700
2012,90.69465,19700
2013,91.49734,19700
2014,92.55127,19700
1999,45.62208,19710
2000,46.98273,19710
2001,48.27895,19710
2002,49.42705,19710
2003,50.81371,19710
2004,52.09839,19710
2005,53.27452,19710
2006,53.72668,19710
2007,54.58728,19710
2008,55.25389,19710
2009,55.59387,19710
2010,57.03207,19710
2011,58.49378,19710
2012,59.4547,19710
2013,60.47636,19710
2014,61.24717,19710
1999,48.68787,40030
2000,50.13395,40030
2001,51.54281,40030
2002,52.69791,40030
2003,54.19805,40030
2004,55.54431,40030
2005,56.73406,40030
2006,57.13929,40030
2007,58.08064,40030
2008,58.75023,40030
2009,59.09379,40030
2010,60.69347,40030
2011,62.35101,40030
2012,63.47589,40030
2013,64.78422,40030
2014,65.74641,40030
1999,86.70448,40041
2000,86.81497,40041
2001,87.27815,40041
2002,86.95201,40041
2003,88.07585,40041
2004,88.0407,40041
2005,88.34061,40041
2006,88.35985,40041
2007,88.39297,40041
2008,88.76317,40041
2009,89.13386,40041
2010,89.1511,40041
2011,89.39937,40041
2012,90.02507,40041
2013,90.82193,40041
2014,91.96063,40041
1999,36.78584,40042
2000,38.01421,40042
2001,39.05959,40042
2002,40.54833,40042
2003,42.58869,40042
2004,43.73006,40042
2005,44.78176,40042
2006,46.03231,40042
2007,47.90689,40042
2008,49.37689,40042
2009,49.84208,40042
2010,52.21847,40042
2011,54.508,40042
2012,56.45038,40042
2013,57.57746,40042
2014,57.965,40042
1999,65.02765,40043
2000,66.45161,40043
2001,68.03509,40043
2002,68.4544,40043
2003,69.20716,40043
2004,70.85863,40043
2005,72.51546,40043
2006,72.2184,40043
2007,72.43895,40043
2008,72.54164,40043
2009,73.21652,40043
2010,74.22285,40043
2011,75.3734,40043
2012,75.59612,40043
2013,77.59006,40043
2014,79.93789,40043
1999,15.89336,40044
2000,16.53339,40044
2001,16.96305,40044
2002,17.82042,40044
2003,18.38969,40044
2004,19.30649,40044
2005,20.46029,40044
2006,21.82629,40044
2007,22.89205,40044
2008,24.54323,40044
2009,25.53232,40044
2010,26.93194,40044
2011,28.1932,40044
2012,28.99034,40044
2013,29.13468,40044
2014,29.53028,40044
1999,88.62942,40061
2000,88.37128,40061
2001,89.14829,40061
2002,88.64362,40061
2003,90.7181,40061
2004,91.65232,40061
2005,92.1379,40061
2006,91.69443,40061
2007,91.37167,40061
2008,91.585,40061
2009,91.45649,40061
2010,90.79426,40061
2011,90.53251,40061
2012,90.64433,40061
2013,91.64325,40061
2014,92.87047,40061
1999,78.69156,40063
2000,80.36816,40063
2001,81.89123,40063
2002,83.64043,40063
2003,85.85123,40063
2004,86.59106,40063
2007,85.78949,40063
2008,85.59986,40063
2009,86.56809,40063
2010,86.30704,40063
2011,86.5454,40063
2013,87.11055,40063
2014,87.69721,40063
1999,51.97697,40070
2000,53.00832,40070
2001,54.05735,40070
2002,54.85195,40070
2003,56.09742,40070
2004,57.1148,40070
2005,58.04691,40070
2006,58.35197,40070
2007,59.05689,40070
2008,59.651,40070
2009,59.9268,40070
2010,61.14575,40070
2011,62.40729,40070
2012,63.27671,40070
2013,64.22882,40070
2014,65.00297,40070
1999,62.14742,40313
2000,63.65089,40313
2001,65.11699,40313
2002,65.55088,40313
2003,67.27901,40313
2004,69.06793,40313
2005,70.38023,40313
2006,70.2232,40313
2007,71.18421,40313
2008,70.20791,40313
2009,70.58669,40313
2010,71.9463,40313
2011,73.90925,40313
2012,74.76532,40313
2013,76.2267,40313
2014,78.84294,40313
1999,66.52242,40314
2000,67.58028,40314
2001,68.60318,40314
2002,69.74832,40314
2003,68.34437,40314
2004,69.65882,40314
2005,70.91688,40314
2006,71.68186,40314
2007,72.15331,40314
2008,74.4789,40314
2009,75.1428,40314
2010,75.31077,40314
2011,75.41398,40314
2012,75.41383,40314
2013,77.39076,40314
2014,78.00644,40314
1999,47.79393,40322
2000,49.02573,40322
2001,50.52129,40322
2002,51.64763,40322
2003,53.81836,40322
2004,55.47373,40322
2005,55.83178,40322
2006,56.03342,40322
2007,55.64463,40322
2008,56.50863,40322
2009,58.44272,40322
2010,59.77679,40322
2011,62.00618,40322
2012,63.19117,40322
2013,61.728,40322
2014,62.72279,40322
1999,79.38514,40326
2000,80.93211,40326
2001,82.57686,40326
2002,82.11266,40326
2003,82.19746,40326
2004,80.88693,40326
2005,80.34438,40326
2006,80.86898,40326
2007,81.47771,40326
2008,81.98565,40326
2009,81.58896,40326
2010,83.56789,40326
2011,85.13484,40326
2012,85.7424,40326
2013,87.56809,40326
2014,88.18598,40326
1999,66.78749,40327
2000,68.32079,40327
2001,69.98175,40327
2002,69.84318,40327
2003,71.47963,40327
2004,73.45691,40327
2005,75.54277,40327
2006,74.55315,40327
2007,74.6186,40327
2008,73.2795,40327
2009,73.69136,40327
2010,75.24095,40327
2011,76.79608,40327
2012,77.75066,40327
2013,80.45952,40327
2014,84.94335,40327
1999,55.73907,40336
2000,57.11928,40336
2001,59.21964,40336
2002,60.53583,40336
2003,61.56913,40336
2004,63.0764,40336
2005,62.96666,40336
2006,63.15221,40336
2007,61.26353,40336
2008,62.36287,40336
2009,65.2935,40336
2010,67.89544,40336
2011,73.00019,40336
2012,74.59203,40336
2013,75.80511,40336
2014,76.19787,40336
1999,34.82028,40345
2000,35.95539,40345
2001,36.85978,40345
2002,38.64994,40345
2003,40.57999,40345
2004,41.55342,40345
2005,43.31794,40345
2006,44.74417,40345
2007,46.62604,40345
2008,48.77908,40345
2009,49.09371,40345
2010,51.73233,40345
2011,54.18034,40345
2012,56.62321,40345
2013,58.3809,40345
2014,58.80456,40345
1999,34.82028,40346
2000,35.95539,40346
2001,36.85978,40346
2002,38.64994,40346
2003,40.57999,40346
2004,41.55342,40346
2005,43.31794,40346
2006,44.74417,40346
2007,46.62604,40346
2008,48.77908,40346
2009,49.09371,40346
2010,51.73233,40346
2011,54.18034,40346
2012,56.62321,40346
2013,58.3809,40346
2014,58.80456,40346
1999,47.324,40347
2000,48.66725,40347
2001,49.60991,40347
2002,51.06434,40347
2003,53.22208,40347
2004,55.00042,40347
2005,54.991,40347
2006,57.35069,40347
2007,60.93759,40347
2008,60.94612,40347
2009,61.55649,40347
2010,62.97664,40347
2011,66.22984,40347
2012,67.38193,40347
2013,67.30248,40347
2014,67.77222,40347
1999,18.0487,40350
2000,18.61127,40350
2001,19.2906,40350
2002,20.07428,40350
2003,20.87021,40350
2004,21.85104,40350
2005,22.69262,40350
2006,23.41051,40350
2007,24.22099,40350
2008,25.94457,40350
2009,27.28319,40350
2010,29.13655,40350
2011,30.05555,40350
2012,30.61725,40350
2013,30.84357,40350
2014,31.18462,40350
1999,44.50278,40354
2000,47.9508,40354
2001,51.40886,40354
2002,52.14834,40354
2003,55.0416,40354
2004,57.12507,40354
2005,58.89303,40354
2006,60.33388,40354
2007,61.90728,40354
2008,62.55328,40354
2009,62.884,40354
2010,64.74702,40354
2011,66.46889,40354
2012,66.19517,40354
2013,65.89903,40354
2014,67.39443,40354
1999,52.00959,40355
2000,53.03794,40355
2001,54.08404,40355
2002,54.87706,40355
2003,56.12139,40355
2004,57.13818,40355
2005,58.07004,40355
2006,58.37514,40355
2007,59.08021,40355
2008,59.67472,40355
2009,59.9511,40355
2010,61.16827,40355
2011,62.42513,40355
2012,63.2986,40355
2013,64.24836,40355
2014,65.02084,40355
1999,18.31832,40359
2000,18.85649,40359
2001,19.51668,40359
2002,20.26595,40359
2003,21.07706,40359
2004,22.11125,40359
2005,22.9212,40359
2006,23.56455,40359
2007,24.3373,40359
2008,26.04951,40359
2009,27.46223,40359
2010,29.25553,40359
2011,30.01488,40359
2012,30.68752,40359
2013,30.96756,40359
2014,31.30787,40359
1999,66.60926,40360
2000,67.65897,40360
2001,68.67611,40360
2002,69.81434,40360
2003,68.41782,40360
2004,69.72415,40360
2005,70.97516,40360
2006,71.73571,40360
2007,72.2045,40360
2008,74.51774,40360
2009,75.17781,40360
2010,75.33353,40360
2011,75.41153,40360
2012,75.41699,40360
2013,77.39011,40360
2014,78.00308,40360
1999,79.11583,40365
2000,80.73244,40365
2001,82.12571,40365
2002,83.83134,40365
2004,86.63473,40365
2005,84.00352,40365
2006,84.82137,40365
2007,85.70043,40365
2008,85.43009,40365
2009,86.36305,40365
2010,86.25604,40365
2011,86.49676,40365
2012,86.96213,40365
2013,87.08888,40365
2014,87.69841,40365
1999,52.00959,40366
2000,53.03794,40366
2001,54.08404,40366
2002,54.87706,40366
2003,56.12139,40366
2004,57.13818,40366
2005,58.07004,40366
2006,58.37514,40366
2007,59.08021,40366
2008,59.67472,40366
2009,59.9511,40366
2010,61.16827,40366
2011,62.42513,40366
2012,63.2986,40366
2013,64.24836,40366
2014,65.02084,40366
1999,25.19256,40368
2000,25.83057,40368
2001,26.67223,40368
2002,27.41837,40368
2003,28.13337,40368
2004,29.07708,40368
2005,29.57791,40368
2006,29.96083,40368
2007,30.33035,40368
2008,31.74249,40368
2009,33.15027,40368
2010,34.82619,40368
2011,35.96359,40368
2012,36.54307,40368
2013,36.74016,40368
2014,36.92949,40368
1999,70.61229,40369
2000,70.73286,40369
2001,72.24405,40369
2002,72.22454,40369
2003,75.3873,40369
2004,76.97355,40369
2005,77.58387,40369
2006,77.80755,40369
2007,78.37694,40369
2008,78.42795,40369
2009,78.31096,40369
2010,77.5211,40369
2011,77.74761,40369
2012,78.09448,40369
2013,78.7256,40369
2014,80.50182,40369
2003,73.76981,40370
2004,74.87617,40370
2005,75.98076,40370
2006,76.53158,40370
2007,76.71923,40370
2008,80.12427,40370
2009,81.0671,40370
2010,81.18849,40370
2011,81.35111,40370
2012,81.21145,40370
2013,83.79846,40370
2014,83.7303,40370
1999,48.71259,40371
2000,50.24678,40371
2001,51.7101,40371
2002,52.93789,40371
2003,54.87871,40371
2004,56.25956,40371
2005,57.66191,40371
2006,58.18878,40371
2007,59.40096,40371
2008,59.8146,40371
2009,59.96647,40371
2010,61.74066,40371
2011,63.69386,40371
2012,65.13436,40371
2013,66.49372,40371
2014,67.71647,40371
1999,87.14374,40372
2000,87.47804,40372
2001,88.02832,40372
2002,88.17348,40372
2003,88.57874,40372
2004,87.73259,40372
2005,87.73576,40372
2006,87.71463,40372
2007,87.62751,40372
2008,88.26791,40372
2009,88.65995,40372
2010,89.38705,40372
2011,89.27379,40372
2012,89.95519,40372
2013,90.95362,40372
2014,91.87118,40372
1999,71.98043,40373
2000,73.27147,40373
2001,71.09739,40373
2002,71.62872,40373
2003,71.08417,40373
2004,71.08678,40373
2005,71.23173,40373
2006,71.07739,40373
2007,71.1648,40373
2008,71.20958,40373
2009,72.42761,40373
2010,72.6293,40373
2011,73.01426,40373
2012,72.77465,40373
2013,72.74861,40373
2014,72.5316,40373
2006,82.0207,40387
2007,82.4849,40387
2008,82.71631,40387
2009,83.62981,40387
2010,84.57376,40387
2011,85.56413,40387
2012,87.31626,40387
2013,87.56407,40387
1999,89.08165,40388
2000,89.08407,40388
2001,89.75431,40388
2002,89.47111,40388
2003,90.99048,40388
2004,91.58476,40388
2005,92.05269,40388
2006,91.65142,40388
2007,91.44424,40388
2008,91.74151,40388
2009,91.74751,40388
2010,91.33822,40388
2011,91.16461,40388
2012,91.2598,40388
2013,92.14033,40388
2014,93.1023,40388
1999,45.04302,40389
2000,46.39464,40389
2001,47.69208,40389
2002,48.83407,40389
2003,50.21231,40389
2004,51.52035,40389
2005,52.73878,40389
2006,53.19038,40389
2007,54.05559,40389
2008,54.7419,40389
2009,55.07964,40389
2010,56.55694,40389
2011,58.05636,40389
2012,59.0316,40389
2013,60.0778,40389
2014,60.86291,40389
1999,88.62957,40500
2000,88.37143,40500
2001,89.14841,40500
2002,88.64377,40500
2003,90.71815,40500
2004,91.65222,40500
2005,92.13771,40500
2006,91.69418,40500
2007,91.37141,40500
2008,91.58476,40500
2009,91.45627,40500
2010,90.79401,40500
2011,90.53234,40500
2012,90.64415,40500
2013,91.64301,40500
2014,92.87015,40500
1999,78.69156,40505
2000,80.36816,40505
2001,81.89123,40505
2002,83.64043,40505
2003,85.85123,40505
2004,86.59106,40505
2007,85.78949,40505
2008,85.59986,40505
2009,86.56809,40505
2010,86.30704,40505
2011,86.5454,40505
2013,87.11055,40505
2014,87.69721,40505
1999,52.00959,40510
2000,53.03794,40510
2001,54.08404,40510
2002,54.87706,40510
2003,56.12139,40510
2004,57.13818,40510
2005,58.07004,40510
2006,58.37514,40510
2007,59.08021,40510
2008,59.67472,40510
2009,59.9511,40510
2010,61.16827,40510
2011,62.42513,40510
2012,63.2986,40510
2013,64.24836,40510
2014,65.02084,40510
1999,62.17781,40515
2000,63.67276,40515
2001,65.1306,40515
2002,65.56249,40515
2003,67.28859,40515
2004,69.07611,40515
2005,70.38863,40515
2006,70.23363,40515
2007,71.19572,40515
2008,70.22676,40515
2009,70.60902,40515
2010,71.96901,40515
2011,73.92371,40515
2012,74.80355,40515
2013,76.25608,40515
2014,78.86449,40515
1999,66.60859,40520
2000,67.65815,40520
2001,68.67511,40520
2002,69.81317,40520
2003,68.41682,40520
2004,69.72318,40520
2005,70.97407,40520
2006,71.73437,40520
2007,72.20315,40520
2008,74.51622,40520
2009,75.17627,40520
2010,75.332,40520
2011,75.41179,40520
2012,75.41709,40520
2013,77.38997,40520
2014,78.00275,40520
1999,47.79393,40525
2000,49.02573,40525
2001,50.52129,40525
2002,51.64763,40525
2003,53.81836,40525
2004,55.47373,40525
2005,55.83178,40525
2006,56.03342,40525
2007,55.64463,40525
2008,56.50863,40525
2009,58.44272,40525
2010,59.77679,40525
2011,62.00618,40525
2012,63.19117,40525
2013,61.728,40525
2014,62.72279,40525
1999,79.38514,40530
2000,80.93211,40530
2001,82.57686,40530
2002,82.11266,40530
2003,82.19746,40530
2004,80.88693,40530
2005,80.34438,40530
2006,80.86898,40530
2007,81.47771,40530
2008,81.98565,40530
2009,81.58896,40530
2010,83.56789,40530
2011,85.13484,40530
2012,85.7424,40530
2013,87.56809,40530
2014,88.18598,40530
1999,34.82028,40535
2000,35.95539,40535
2001,36.85978,40535
2002,38.64994,40535
2003,40.57999,40535
2004,41.55342,40535
2005,43.31794,40535
2006,44.74417,40535
2007,46.62604,40535
2008,48.77908,40535
2009,49.09371,40535
2010,51.73233,40535
2011,54.18034,40535
2012,56.62321,40535
2013,58.3809,40535
2014,58.80456,40535
1999,18.0487,40540
2000,18.61127,40540
2001,19.2906,40540
2002,20.07428,40540
2003,20.87021,40540
2004,21.85104,40540
2005,22.69262,40540
2006,23.41051,40540
2007,24.22099,40540
2008,25.94457,40540
2009,27.28319,40540
2010,29.13655,40540
2011,30.05555,40540
2012,30.61725,40540
2013,30.84357,40540
2014,31.18462,40540
1999,81.02498,abw
2000,78.84313,abw
2001,74.25168,abw
2002,79.27661,abw
2003,74.80676,abw
2004,73.45475,abw
2005,75.71885,abw
2007,81.81818,abw
2008,77.85939,abw
2009,80.95112,abw
2011,80.68243,abw
2007,15.21353,afg
2013,34.86011,afg
2014,35.23734,afg
2008,9.49724,ago
2009,9.99415,ago
2010,11.09416,ago
2000,65.73566,alb
2001,67.32057,alb
2013,83.81039,alb
2014,84.51594,alb
1999,79.28001,are
1999,79.32988,arg
2000,81.35912,arg
2001,81.88577,arg
2002,81.7281,arg
2003,81.80748,arg
2004,82.54893,arg
2005,82.58938,arg
2006,83.198,arg
2007,83.62576,arg
2008,85.1243,arg
2009,86.93692,arg
2010,87.84854,arg
2011,89.26505,arg
2012,90.83407,arg
2013,91.18256,arg
2007,96.93923,arm
2008,90.66906,arm
2000,66.55565,atg
2014,81.3429,atg
2002,89.90237,aus
2003,87.99625,aus
2004,87.75382,aus
2005,87.02086,aus
2006,86.51075,aus
2007,86.56282,aus
2008,86.97543,aus
2009,87.79325,aus
2010,87.88129,aus
2011,87.9113,aus
2012,87.64733,aus
2013,88.17805,aus
2006,84.51048,aze
2007,84.26367,aze
2008,85.92156,aze
2009,86.95659,aze
2010,85.01037,aze
2011,84.91275,aze
2012,85.9286,aze
2013,86.55025,aze
2014,87.21197,aze
2009,11.39555,bdi
2010,13.15001,bdi
2011,14.79836,bdi
2012,16.63822,bdi
2013,20.00142,bdi
2014,24.82031,bdi
2004,83.84472,bel
2005,84.13753,bel
2013,95.38101,bel
2014,95.67938,bel
2000,10.87175,ben
2001,12.01869,ben
2013,34.12129,ben
1999,6.44409,bfa
2001,6.32618,bfa
2003,7.67868,bfa
2004,8.56703,bfa
2005,9.41893,bfa
2006,10.1525,bfa
2007,10.81493,bfa
2008,12.50014,bfa
2009,13.43949,bfa
2010,14.39129,bfa
2011,16.40147,bfa
2012,17.89642,bfa
2013,20.15941,bfa
1999,43.32114,bgd
2000,45.51226,bgd
2001,47.94619,bgd
2002,49.51494,bgd
2003,49.42389,bgd
2004,44.51425,bgd
2005,44.0322,bgd
2006,44.52983,bgd
2007,45.26831,bgd
2009,46.85579,bgd
2010,48.94734,bgd
2011,49.32452,bgd
2012,51.51735,bgd
2013,54.78926,bgd
1999,84.68582,bgr
2000,85.3818,bgr
2001,86.24579,bgr
2002,86.75513,bgr
2003,84.10823,bgr
2004,85.37792,bgr
2005,85.98339,bgr
2006,85.50525,bgr
2007,85.45387,bgr
2008,84.19711,bgr
2009,83.0422,bgr
2010,83.01388,bgr
2011,84.26022,bgr
2012,84.52586,bgr
2013,86.52811,bgr
2014,86.93127,bgr
1999,90.21575,bhr
2000,94.26196,bhr
2006,93.34329,bhr
1999,70.44788,bhs
2004,80.12123,bhs
2005,83.1806,bhs
2006,85.52854,bhs
2007,89.34041,bhs
2008,87.81459,bhs
2009,85.90347,bhs
2010,85.68555,bhs
2010,94.03363,blr
2011,94.47183,blr
2012,96.43679,blr
1999,57.16847,blz
2000,60.15348,blz
2001,61.8917,blz
2003,69.34685,blz
2005,66.35993,blz
2006,66.96314,blz
2007,66.47082,blz
2008,66.06365,blz
2009,66.30835,blz
2010,66.27762,blz
2011,67.63959,blz
2012,68.8409,blz
2013,71.09695,blz
2014,71.32569,blz
2010,56.78119,bmu
2011,78.60769,bmu
2006,72.99265,bol
2007,72.90645,bol
2008,72.36315,bol
2009,73.37492,bol
2010,73.39583,bol
2011,73.17755,bol
2012,74.57645,bol
2013,76.24278,bol
2007,77.48286,bra
2009,82.73203,bra
2011,81.36715,bra
2012,81.49583,bra
2013,84.57364,bra
2000,91.26437,brb
2001,85.15389,brb
2002,87.19142,brb
2003,89.18286,brb
2004,95.14038,brb
2005,92.0429,brb
2006,91.76206,brb
2007,93.76477,brb
2008,88.92798,brb
2009,84.94983,brb
2010,85.16757,brb
2011,91.55726,brb
2005,90.00046,brn
2006,91.61969,brn
2007,89.85049,brn
2008,89.15102,brn
2009,90.247,brn
2010,90.82681,brn
2011,90.85453,brn
2012,93.19449,brn
2013,91.91195,brn
2014,87.59768,brn
1999,19.15822,btn
2000,21.53603,btn
2001,23.88091,btn
2005,35.01341,btn
2006,38.34245,btn
2008,45.8221,btn
2009,49.31313,btn
2010,54.51409,btn
2011,56.94501,btn
2012,60.57666,btn
2013,63.56427,btn
2014,66.9013,btn
1999,57.10542,bwa
2000,57.46491,bwa
2002,57.73925,bwa
2003,59.37177,bwa
2013,66.63459,bwa
2009,7.77773,caf
2011,9.95566,caf
2012,9.34275,caf
1999,81.65741,che
2000,82.16135,che
2001,82.05917,che
2002,81.03311,che
2003,80.82683,che
2004,81.23083,che
2005,82.1068,che
2006,82.68463,che
2007,82.51603,che
2008,82.36252,che
2009,81.62581,che
2010,82.15286,che
2011,81.85098,che
2012,79.85164,che
2013,82.34437,che
2014,83.2434,che
2007,93.19792,chl
2008,92.40588,chl
2009,90.09253,chl
2010,90.79915,chl
2011,90.24228,chl
2012,88.50457,chl
2013,90.26602,chl
2014,89.98598,chl
2012,36.16715,cmr
2013,37.46749,cmr
2014,40.12055,cmr
1999,61.08727,cok
2000,79.82873,cok
2005,80.81818,cok
2007,88.54167,cok
2010,82.52336,cok
2011,97.44444,cok
2012,85.13661,cok
2005,67.43106,col
2006,72.70993,col
2007,76.13677,col
2008,77.33192,col
2009,80.46265,col
2010,81.83082,col
2011,83.96591,col
2012,82.41163,col
2013,82.80937,col
2014,81.64384,col
2013,45.45989,com
2002,57.39291,cpv
2003,58.83346,cpv
2004,58.56739,cpv
2005,62.5208,cpv
2006,63.68913,cpv
2007,65.91351,cpv
2009,69.42754,cpv
2012,72.4881,cpv
2013,73.20576,cpv
2014,73.64574,cpv
2011,78.0305,cri
2012,77.97856,cri
2013,79.40628,cri
2014,80.14235,cri
1999,79.81819,cub
2000,82.27843,cub
2001,84.64463,cub
2002,83.30866,cub
2003,85.45575,cub
2004,86.53114,cub
2005,87.63411,cub
2006,89.10389,cub
2007,88.41232,cub
2008,87.44129,cub
2009,86.14787,cub
2010,88.99407,cub
2011,90.16354,cub
2012,90.19369,cub
2013,91.14407,cub
1999,89.56057,cyp
2000,89.4389,cyp
2001,89.373,cyp
2002,93.13152,cyp
2003,94.34654,cyp
2004,94.56854,cyp
2005,95.28755,cyp
2006,95.12994,cyp
2007,96.30041,cyp
2008,96.70051,cyp
2009,96.45937,cyp
2010,89.65071,cyp
2011,90.62311,cyp
2012,92.9666,cyp
2013,93.98998,cyp
2014,95.50686,cyp
2001,11.09103,dji
2002,11.34943,dji
2004,15.39978,dji
2005,16.40553,dji
2008,21.25352,dji
1999,88.16315,dma
2000,89.54883,dma
2001,86.98532,dma
2003,93.03528,dma
2004,93.91912,dma
2005,92.10998,dma
2006,83.18275,dma
2009,83.91304,dma
2010,83.75259,dma
2011,81.53002,dma
2000,89.62755,dnk
2001,90.65391,dnk
2002,92.57428,dnk
2003,95.79914,dnk
2004,92.78901,dnk
2005,93.07672,dnk
2006,91.01593,dnk
2007,90.84674,dnk
2008,91.0176,dnk
2009,91.34396,dnk
2010,91.43946,dnk
2011,92.54901,dnk
2012,91.56865,dnk
2013,91.72344,dnk
2014,91.30136,dnk
1999,43.30027,dom
2000,44.18657,dom
2002,55.67111,dom
2004,53.49415,dom
2005,57.51194,dom
2007,66.88822,dom
2008,65.05166,dom
2009,66.41792,dom
2010,66.43955,dom
2011,66.20343,dom
2012,66.96266,dom
2013,68.69246,dom
2014,69.83807,dom
1999,48.10216,ecu
2000,48.63051,ecu
2001,49.50118,ecu
2002,50.35659,ecu
2003,50.6391,ecu
2004,50.98787,ecu
2005,53.63561,ecu
2006,55.12784,ecu
2007,56.57018,ecu
2010,70.73193,ecu
2011,71.57336,ecu
2012,73.78593,ecu
2013,84.00452,ecu
2011,76.63728,egy
2014,82.4508,egy
1999,14.77414,eri
2000,16.51743,eri
2001,16.25918,eri
2002,16.02347,eri
2003,16.47319,eri
2004,16.35165,eri
2005,18.29426,eri
2006,19.58591,eri
2007,21.04411,eri
2008,22.16558,eri
2009,24.16524,eri
2010,26.81718,eri
2011,27.7406,eri
2012,28.39039,eri
2013,26.14647,eri
1999,88.5913,esp
2000,90.42951,esp
2001,92.2674,esp
2002,93.03896,esp
2003,93.48485,esp
2004,94.90354,esp
2005,95.22939,esp
2006,94.83611,esp
2007,94.67962,esp
2008,94.84645,esp
2009,95.30985,esp
2010,96.06743,esp
2011,95.81557,esp
2012,96.50778,esp
2013,97.03374,esp
2014,97.151,esp
1999,86.62657,est
2000,87.8697,est
2001,88.57984,est
2002,91.14523,est
2003,92.67501,est
2004,93.94324,est
2006,95.79902,est
2007,95.08849,est
2008,93.71583,est
2009,92.41539,est
2010,91.7371,est
2011,91.65815,est
2012,91.30073,est
2013,93.06055,est
1999,9.09231,eth
2000,10.24655,eth
2001,10.5005,eth
2002,11.13906,eth
1999,95.00399,fin
2000,95.38601,fin
2001,95.09287,fin
2002,95.29128,fin
2003,95.54172,fin
2004,95.49619,fin
2005,96.22534,fin
2006,96.51907,fin
2007,96.30428,fin
2008,95.52374,fin
2009,94.65197,fin
2010,94.02418,fin
2011,93.24555,fin
2012,92.5002,fin
2013,94.05779,fin
2014,94.0858,fin
1999,80.33446,fji
2000,76.07017,fji
2001,77.46148,fji
2002,79.74785,fji
2003,79.77663,fji
2004,86.94048,fji
2006,89.32224,fji
2007,86.54646,fji
2009,84.9839,fji
2011,88.50585,fji
2012,87.92831,fji
1999,93.96865,fra
2000,93.29903,fra
2001,93.22939,fra
2002,93.92645,fra
2003,94.45865,fra
2004,94.55367,fra
1999,95.21424,gbr
2000,95.42937,gbr
2001,95.6919,gbr
2002,96.60731,gbr
2003,97.03658,gbr
2004,96.54996,gbr
2005,97.37832,gbr
2006,94.22455,gbr
2007,92.40358,gbr
2008,93.05051,gbr
2009,94.30621,gbr
2010,95.50691,gbr
2011,92.13598,gbr
2012,90.54229,gbr
2013,94.61633,gbr
2014,98.74728,gbr
1999,76.25033,geo
2000,76.931,geo
2005,75.27471,geo
2006,77.74513,geo
2008,81.54309,geo
2013,88.48587,geo
2014,92.00834,geo
1999,31.55718,gha
2000,32.1897,gha
2001,31.09183,gha
2002,32.76818,gha
2003,33.87628,gha
2004,35.81096,gha
2005,37.3845,gha
2006,38.3465,gha
2007,44.64251,gha
2008,44.74779,gha
2009,43.61232,gha
2013,50.14389,gha
2014,53.78117,gha
2015,57.3411,gha
1999,6.18229,gin
2001,9.05416,gin
2002,10.60912,gin
2003,12.15116,gin
2004,13.16696,gin
2005,16.009,gin
2006,18.51977,gin
2011,23.20455,gin
2014,25.27321,gin
2000,5.85816,gnb
1999,12.1724,gnq
2005,18.55253,gnq
1999,85.55155,grc
2000,85.20753,grc
2001,86.11097,grc
2002,86.98439,grc
2003,85.59793,grc
2004,86.50854,grc
2005,88.98677,grc
2006,88.00621,grc
2007,85.20284,grc
2010,92.94065,grc
2013,95.09743,grc
2002,91.2347,grd
2003,76.03143,grd
2004,83.50909,grd
2005,77.12223,grd
2013,80.94161,grd
2014,83.51323,grd
1999,20.54645,gtm
2000,24.34067,gtm
2001,27.97197,gtm
2002,28.40863,gtm
2008,37.95567,gtm
2009,39.88797,gtm
2010,43.67877,gtm
2011,43.89026,gtm
2012,44.48129,gtm
2013,44.67779,gtm
2014,45.39661,gtm
1999,72.68912,guy
2009,75.21299,guy
2011,82.62685,guy
2001,69.92858,hkg
2002,69.7528,hkg
2003,70.8275,hkg
2004,72.14772,hkg
2005,73.54337,hkg
2006,74.08139,hkg
2007,75.31529,hkg
2008,76.79241,hkg
2009,78.24604,hkg
2010,79.64896,hkg
2011,78.79437,hkg
2012,90.09109,hkg
2013,88.16462,hkg
2014,87.82826,hkg
2013,52.41791,hnd
2014,52.9585,hnd
1999,82.82476,hrv
2000,83.18832,hrv
2001,83.45355,hrv
2002,84.37623,hrv
2003,85.97977,hrv
2005,89.55729,hrv
2008,95.12619,hrv
2011,96.42699,hrv
2012,96.43635,hrv
2014,94.10922,hrv
1999,84.04372,hun
2000,85.42852,hun
2001,87.66087,hun
2002,89.01069,hun
2003,90.46829,hun
2004,88.9842,hun
2005,89.76781,hun
2006,89.81645,hun
2007,89.86599,hun
2008,89.79755,hun
2009,90.42147,hun
2010,91.52872,hun
2011,91.69953,hun
2012,92.12533,hun
2013,92.45547,hun
2014,92.12481,hun
2001,49.28942,idn
2002,50.50818,idn
2003,53.11994,idn
2004,54.67789,idn
2005,53.10364,idn
2006,57.77433,idn
2007,65.05938,idn
2008,63.85872,idn
2009,64.37311,idn
2010,66.62727,idn
2011,73.20384,idn
2012,75.26387,idn
2013,74.20577,idn
2014,74.68957,idn
2013,62.17792,ind
1999,87.81596,irl
2000,88.00985,irl
2001,87.86166,irl
2002,89.91481,irl
2003,92.02789,irl
2004,94.54607,irl
2009,77.78824,irn
2010,77.16691,irn
2011,80.39195,irn
2012,82.54957,irn
2013,78.99145,irn
2014,81.12379,irn
1999,24.13259,irq
2000,25.57117,irq
2003,30.93804,irq
2004,33.58499,irq
2007,39.89099,irq
1999,86.34193,isl
2000,85.06944,isl
2001,84.12839,isl
2002,86.42161,isl
2003,88.36433,isl
2004,89.60211,isl
2005,90.17791,isl
2006,90.33816,isl
2007,90.84722,isl
2008,90.59611,isl
2009,89.39996,isl
2010,90.33212,isl
2011,88.83765,isl
2012,88.48022,isl
1999,96.42947,isr
1999,85.4505,ita
2000,85.18318,ita
2001,88.81623,ita
2002,90.21532,ita
2003,91.10196,ita
2004,92.48426,ita
2005,92.4138,ita
2006,93.12225,ita
2007,92.93833,ita
2008,94.88008,ita
2009,94.7192,ita
2010,95.84237,ita
2011,94.01113,ita
2012,93.82788,ita
2013,95.28124,ita
1999,82.70865,jam
2000,78.49514,jam
2001,77.45007,jam
2002,78.19836,jam
2003,78.9184,jam
2004,84.15242,jam
2005,84.59587,jam
2011,80.73422,jam
2013,70.35159,jam
2014,69.80349,jam
1999,80.93189,jor
2000,81.42483,jor
2002,85.36257,jor
2003,86.38489,jor
2004,85.5042,jor
2005,84.20421,jor
2006,87.57241,jor
2008,89.61762,jor
2011,87.91684,jor
2006,98.50958,jpn
2007,97.95772,jpn
2008,98.21371,jpn
2009,98.57178,jpn
2010,99.19715,jpn
2011,99.4113,jpn
2012,99.51901,jpn
2013,99.62011,jpn
2000,90.45966,kaz
2013,93.54364,kaz
2000,33.06203,ken
2001,33.69589,ken
2002,34.50976,ken
2003,35.75862,ken
2004,39.33227,ken
2005,41.30733,ken
2006,41.53645,ken
2007,42.15098,ken
2008,48.62273,ken
2009,48.6705,ken
2012,55.61965,ken
2004,82.27343,kgz
2005,80.44238,kgz
2006,80.44178,kgz
2007,80.15226,kgz
2008,79.88339,kgz
2009,78.50345,kgz
2010,77.62802,kgz
2011,79.11627,kgz
2013,80.78515,kgz
2014,80.18835,kgz
1999,10.3697,khm
2000,11.14588,khm
2001,12.36785,khm
2002,16.62012,khm
2003,20.63743,khm
2004,23.26527,khm
2006,29.82267,khm
2007,33.55359,khm
2008,36.53247,khm
2003,73.56983,kir
2004,74.13329,kir
2005,72.95226,kir
2002,84.79638,kna
2003,84.93518,kna
2004,83.19964,kna
2005,82.75552,kna
2007,84.23761,kna
2008,92.48826,kna
2009,93.9804,kna
2010,87.68879,kna
2011,88.12806,kna
2012,72.09201,kna
2013,87.98632,kna
2014,84.69691,kna
1999,95.79654,kor
2000,94.86836,kor
2001,92.9045,kor
2002,89.15928,kor
2003,87.26572,kor
2004,87.2327,kor
2005,90.27931,kor
2006,94.84919,kor
2008,96.84199,kor
2009,96.1541,kor
2010,94.35036,kor
2011,93.86744,kor
2012,94.28835,kor
2013,95.68466,kor
1999,89.39726,kwt
2000,90.25161,kwt
2001,91.66688,kwt
2006,92.99779,kwt
2007,86.38437,kwt
2008,82.9554,kwt
2009,79.35671,kwt
2010,82.11403,kwt
2011,82.63305,kwt
2012,84.8471,kwt
1999,22.56729,lao
2000,24.10969,lao
2001,25.83392,lao
2002,26.81091,lao
2003,30.08711,lao
2004,31.81017,lao
2005,32.17181,lao
2006,31.59017,lao
2007,32.57734,lao
2008,33.74536,lao
2009,35.23651,lao
2010,37.20795,lao
2011,37.83194,lao
2012,40.73178,lao
2013,44.42717,lao
2014,49.82299,lao
2006,69.3062,lbn
2007,69.67745,lbn
2008,69.99046,lbn
2009,71.10577,lbn
2010,69.57729,lbn
2011,69.72767,lbn
2012,64.94232,lbn
1999,68.40484,lca
2000,69.50454,lca
2001,67.53098,lca
2002,67.55834,lca
2003,70.52488,lca
2004,61.3876,lca
2005,74.31172,lca
2006,75.99038,lca
2007,82.41745,lca
2008,82.80165,lca
2009,85.54516,lca
2010,84.20423,lca
2011,84.20732,lca
2012,83.63704,lca
2013,81.15559,lca
2004,89.68421,lie
2008,86.72986,lie
2010,85.8004,lie
2012,87.20853,lie
2010,85.82857,lka
2011,86.98975,lka
1999,23.59467,lso
2000,25.56625,lso
2001,27.6565,lso
2002,28.13931,lso
2003,28.69464,lso
2004,29.56117,lso
2005,31.4187,lso
2006,31.17525,lso
2007,32.67454,lso
2008,34.64458,lso
2009,37.35031,lso
2010,40.54994,lso
2011,40.74107,lso
2012,40.81579,lso
2014,42.47175,lso
1999,90.58307,ltu
2000,92.33941,ltu
2001,94.05725,ltu
2006,96.15216,ltu
2007,95.1349,ltu
2008,94.2444,ltu
2009,93.92737,ltu
2010,93.47852,ltu
2011,93.02958,ltu
2012,92.78756,ltu
2013,94.35697,ltu
2014,96.44721,ltu
1999,86.32484,lux
2000,86.4648,lux
2001,83.95896,lux
2002,82.69632,lux
2003,82.60722,lux
2004,82.13792,lux
2005,85.63554,lux
2006,85.5891,lux
2007,85.78138,lux
2008,86.37307,lux
2010,88.49929,lux
2011,88.29036,lux
2012,87.51803,lux
2013,86.92605,lux
2008,93.41629,lva
2009,90.14394,lva
2010,87.38313,lva
2011,86.13733,lva
2012,85.48599,lva
2013,90.85601,lva
2014,95.41371,lva
1999,67.29009,mac
2000,70.87026,mac
2001,75.03509,mac
2002,78.67147,mac
2003,82.63564,mac
2004,85.58996,mac
2005,87.62461,mac
2006,87.52548,mac
2007,82.16578,mac
2008,78.26067,mac
2009,78.00802,mac
2010,78.43029,mac
2011,80.30748,mac
2012,80.13672,mac
2013,79.96615,mac
2014,79.73484,mac
2005,37.22418,mar
2006,39.75862,mar
2007,42.54041,mar
2008,44.42757,mar
2010,47.98547,mar
2011,50.46102,mar
2012,53.10977,mar
2000,79.32603,mda
2001,79.26055,mda
2002,80.22968,mda
2003,81.72034,mda
2004,83.18216,mda
2005,83.22422,mda
2006,83.05661,mda
2007,81.85387,mda
2008,85.21789,mda
2009,80.48338,mda
2010,79.31622,mda
2011,78.39118,mda
2012,78.3322,mda
2013,77.7174,mda
2014,77.1835,mda
2005,17.23306,mdg
2007,21.57485,mdg
2008,23.54569,mdg
2009,24.57556,mdg
2011,29.79866,mdg
2012,31.07506,mdg
2014,31.63484,mdg
1999,31.16883,mdv
2000,39.63576,mdv
2002,51.11708,mdv
1999,53.27528,mex
2000,54.55146,mex
2002,59.56517,mex
2003,62.54679,mex
2004,64.42344,mex
2005,66.04566,mex
2006,67.34266,mex
2007,68.62865,mex
2008,69.28522,mex
2009,69.11733,mex
2010,68.81027,mex
2011,68.54618,mex
2012,68.77883,mex
2002,64.45285,mhl
2007,64.72868,mhl
2005,80.92273,mkd
2008,21.53751,mli
2009,22.51242,mli
2010,24.69288,mli
2011,26.00248,mli
2013,28.95347,mli
2014,29.80635,mli
1999,81.4595,mlt
2000,83.5848,mlt
2001,81.6274,mlt
2002,83.32036,mlt
2003,88.39562,mlt
2004,92.25663,mlt
2005,92.03583,mlt
2006,90.3768,mlt
2008,80.6097,mlt
2010,73.61289,mlt
2012,76.0446,mlt
2013,74.98954,mlt
2014,75.58352,mlt
1999,28.65388,mmr
2000,33.06913,mmr
2001,34.20034,mmr
2002,33.87034,mmr
2003,34.54971,mmr
2004,38.99462,mmr
2005,40.27109,mmr
2006,42.59335,mmr
2007,43.38328,mmr
2009,45.07353,mmr
2010,46.05055,mmr
2014,48.63742,mmr
1999,65.21564,mng
2000,68.71952,mng
2001,74.52873,mng
2002,77.74778,mng
2003,81.95467,mng
2004,85.28349,mng
2005,87.27964,mng
2006,86.07275,mng
2014,87.65975,mng
1999,2.21383,moz
2000,2.62443,moz
2001,2.83019,moz
2002,3.59328,moz
2004,3.54118,moz
2005,6.06032,moz
2006,7.80866,moz
2007,9.20969,moz
2008,10.76074,moz
2009,13.05625,moz
2010,14.44124,moz
2011,15.76356,moz
2012,16.31347,moz
2013,17.09344,moz
2014,17.86732,moz
2001,12.25849,mrt
2002,12.0085,mrt
2004,11.94244,mrt
2005,13.20168,mrt
2006,13.52856,mrt
2012,20.37321,mrt
2013,19.94799,mrt
2014,22.13333,mrt
1999,66.51476,mus
2000,67.60867,mus
2001,69.91423,mus
2002,74.00979,mus
2004,79.76555,mus
1999,25.19998,mwi
2000,25.19187,mwi
2001,23.95279,mwi
2002,23.11715,mwi
2004,21.63634,mwi
2005,21.23541,mwi
2006,23.08265,mwi
2007,23.10253,mwi
2008,25.30771,mwi
2009,26.10674,mwi
2010,27.77544,mwi
2011,28.63949,mwi
2012,28.66616,mwi
2013,31.08487,mwi
2014,32.58473,mwi
1999,44.0139,nam
2000,47.79168,nam
2001,49.79872,nam
2002,54.54218,nam
2003,51.98941,nam
2004,53.36617,nam
2005,55.10286,nam
2006,56.00675,nam
2007,57.46912,nam
1999,4.25516,ner
2001,4.2426,ner
2002,4.39183,ner
2003,4.9074,ner
2004,5.93779,ner
2005,6.95063,ner
2007,6.96046,ner
2008,7.408,ner
2009,7.50589,ner
2010,9.2685,ner
2011,9.49538,ner
2014,12.6029,ner
2000,40.78068,nic
2001,43.12834,nic
2002,45.58355,nic
2004,48.56408,nic
2005,52.4674,nic
2006,50.25226,nic
2010,52.95653,nic
1999,91.77215,niu
2002,90.66658,nld
2003,89.54765,nld
2004,90.06741,nld
2005,88.58594,nld
2006,89.93512,nld
2007,90.01611,nld
2008,89.64462,nld
2009,89.06609,nld
2010,89.20703,nld
2011,90.24538,nld
2012,90.90337,nld
1999,95.67542,nor
2000,95.24139,nor
2001,94.85085,nor
2002,94.72735,nor
2003,95.5991,nor
2004,96.7062,nor
2005,97.29702,nor
2006,97.68272,nor
2007,97.82045,nor
2008,97.00324,nor
2009,96.32025,nor
2010,96.04466,nor
2011,95.86117,nor
2012,95.33946,nor
2013,95.04989,nor
2014,95.40415,nor
2007,41.66374,npl
2008,44.97847,npl
2010,48.96862,npl
2011,54.31273,npl
2012,58.47259,npl
2013,60.17355,npl
2014,61.80099,npl
2015,62.80145,npl
2012,73.94366,nru
2014,74.50331,nru
2002,92.36954,nzl
2009,94.87677,nzl
2010,95.12746,nzl
2011,96.73189,nzl
2012,96.56755,nzl
2013,96.9338,nzl
2014,97.27725,nzl
1999,65.3895,omn
2000,68.85644,omn
2001,72.61574,omn
2002,73.65307,omn
2003,74.58909,omn
2009,86.02037,omn
2011,89.10749,omn
2006,27.71162,pak
2007,29.51445,pak
2008,29.84202,pak
2009,30.71422,pak
2011,31.0607,pak
2012,31.97392,pak
2013,33.16285,pak
2014,36.22606,pak
1999,59.99073,pan
2000,61.23221,pan
2001,63.35717,pan
2002,65.11433,pan
2004,64.59941,pan
2005,64.75606,pan
2008,66.36413,pan
2009,66.55161,pan
2010,68.62938,pan
2011,68.37564,pan
2012,80.60815,pan
1999,61.76746,per
2000,63.86409,per
2001,66.66223,per
2002,67.36109,per
2004,68.17728,per
2005,69.60063,per
2006,72.19131,per
2007,75.96124,per
2008,77.67444,per
2009,80.47737,per
2011,81.17423,per
2012,75.83748,per
2013,80.5671,per
2014,79.40286,per
1999,52.14935,phl
2001,55.346,phl
2002,59.88379,phl
2003,62.55047,phl
2004,64.74434,phl
2005,64.5097,phl
2006,64.80034,phl
2007,65.45913,phl
2008,65.77865,phl
2009,66.4331,phl
2013,73.53699,phl
1999,91.47587,pol
2000,91.35488,pol
2001,91.84081,pol
2002,92.3965,pol
2003,92.42324,pol
2004,91.11054,pol
2005,92.53529,pol
2006,92.65673,pol
2007,92.44525,pol
2008,92.1003,pol
2009,91.57315,pol
2010,91.23817,pol
2011,90.87571,pol
2012,91.07104,pol
2013,92.67373,pol
2011,74.97636,pri
2012,76.07905,pri
2013,77.224,pri
1999,84.16267,prt
2000,84.81449,prt
2001,82.43073,prt
2002,81.80297,prt
2003,84.57615,prt
2005,86.55272,prt
2006,86.76011,prt
1999,47.60826,pry
2001,53.55797,pry
2002,55.0007,pry
2003,56.4207,pry
2004,58.61367,pry
2005,59.53966,pry
2006,60.16037,pry
2007,60.77721,pry
2008,62.28677,pry
2009,62.81407,pry
2010,63.96005,pry
2011,65.79039,pry
2012,66.3169,pry
1999,74.09803,pse
2000,76.39812,pse
2001,77.99105,pse
2002,80.012,pse
2003,82.57959,pse
2004,86.15286,pse
2005,87.43506,pse
2006,89.02363,pse
2007,89.02174,pse
2008,89.06742,pse
2009,87.67347,pse
2010,86.11198,pse
2011,84.95971,pse
2012,84.51863,pse
2013,84.00775,pse
2014,83.86802,pse
1999,79.59787,qat
2002,82.11957,qat
2006,96.28467,qat
2007,91.9981,qat
2009,93.80974,qat
2010,93.26769,qat
2013,86.88627,rou
2014,85.70269,rou
2009,74.26135,sau
2013,78.58556,sau
2004,12.42517,sen
2005,16.8061,sen
2006,17.77065,sen
1999,20.46984,slb
2000,16.80231,slb
2001,20.1128,slb
2002,25.86915,slb
2006,30.73184,slb
2007,28.8826,slb
2010,41.40401,slb
2011,40.87577,slb
2012,42.04263,slb
2012,34.89499,sle
2000,47.53099,slv
2001,49.24895,slv
2002,52.96479,slv
2005,58.40062,slv
2006,57.97075,slv
2007,58.46073,slv
2008,59.55195,slv
2009,61.42678,slv
2010,64.24659,slv
2011,66.70503,slv
2012,68.97978,slv
2013,70.13346,slv
2014,71.14861,slv
2008,90.75612,srb
2009,91.41561,srb
2010,91.05135,srb
2011,93.57634,srb
2012,94.2485,srb
2013,94.31706,srb
2014,93.22811,srb
2003,30.64894,stp
2004,26.62316,stp
2005,32.47046,stp
2007,34.7503,stp
2008,33.80635,stp
2009,35.88388,stp
2010,36.92503,stp
2011,50.92035,stp
2009,55.00129,sur
2011,64.18201,sur
2013,59.52278,sur
1999,91.57879,svn
2000,93.01487,svn
2001,93.16764,svn
2002,93.15872,svn
2003,93.35678,svn
2004,92.42803,svn
2005,92.15787,svn
2006,91.96994,svn
2007,93.1753,svn
2008,93.01469,svn
2009,93.25393,svn
2010,93.49532,svn
2011,93.47336,svn
2012,94.09176,svn
2013,95.48129,svn
2014,95.28502,svn
1999,97.90598,swe
2000,97.35324,swe
2001,95.862,swe
2002,97.8148,swe
2003,98.61563,swe
2006,99.78296,swe
2007,98.68769,swe
2008,97.44841,swe
2009,95.27845,swe
2010,93.15383,swe
2011,91.5529,swe
2012,92.41971,swe
2013,94.20999,swe
2014,96.48424,swe
1999,35.10718,swz
2000,32.45454,swz
2001,32.78747,swz
2002,33.32433,swz
2003,32.01561,swz
2004,34.94027,swz
2005,34.85877,swz
2006,32.10066,swz
2007,26.85052,swz
2009,35.80373,swz
2010,36.98114,swz
2011,37.62295,swz
2012,38.60955,swz
2013,38.19744,swz
1999,68.93064,syc
2000,68.46361,syc
2001,74.86806,syc
2002,73.43344,syc
2003,77.97574,syc
2004,78.86368,syc
2005,84.59556,syc
2007,81.71429,syc
2008,79.54455,syc
2009,78.80728,syc
2010,75.90484,syc
2011,78.19628,syc
1999,37.08895,syr
2000,37.96271,syr
2001,39.17949,syr
2002,39.42307,syr
2003,56.00695,syr
2004,59.56047,syr
2005,62.98764,syr
2006,63.15132,syr
2007,65.48285,syr
2008,66.4714,syr
2009,66.91711,syr
2010,67.57661,syr
2011,69.47229,syr
2012,71.79642,syr
2013,46.37418,syr
1999,3.2118,tcd
2000,3.48197,tcd
2001,4.25753,tcd
2002,5.07784,tcd
2003,5.26198,tcd
1999,12.33056,tgo
2000,15.3595,tgo
2006,70.76158,tha
2007,75.78842,tha
2008,77.72305,tha
2009,81.44258,tha
2010,81.97858,tha
2011,85.6312,tha
2012,81.80441,tha
1999,59.47833,tjk
2000,65.35512,tjk
2001,65.82682,tjk
2002,68.24014,tjk
2004,71.56805,tjk
2005,71.72163,tjk
2006,72.39176,tjk
2007,74.03981,tjk
2008,76.26697,tjk
2009,77.05361,tjk
2010,77.52774,tjk
2011,78.6554,tjk
2008,35.73145,tls
2009,41.7313,tls
2010,46.42828,tls
2011,49.85774,tls
2012,51.75592,tls
2013,51.89713,tls
2014,55.69593,tls
2001,80.40314,ton
2012,86.00463,ton
2013,79.03824,ton
2014,79.76732,ton
2004,75.16113,tto
1999,48.93483,tur
2000,56.08874,tur
2001,64.08469,tur
2002,64.02472,tur
2003,64.56738,tur
2004,67.11497,tur
2005,70.03477,tur
2006,72.91682,tur
2007,75.07173,tur
2008,75.55874,tur
2009,73.29144,tur
2010,78.00378,tur
2011,81.44753,tur
2012,79.45539,tur
2013,85.22986,tur
2014,78.29787,tuv
2000,12.62952,uga
2001,13.03169,uga
2002,15.42005,uga
2003,15.43773,uga
2004,14.83778,uga
2005,14.63973,uga
2006,16.1644,uga
2007,18.28419,uga
2008,20.39228,uga
2009,21.15762,uga
2010,22.23025,uga
2000,97.3786,ukr
2006,88.34024,ukr
2007,87.62471,ukr
2008,86.99047,ukr
2009,85.82491,ukr
2010,85.80603,ukr
2011,84.02508,ukr
2012,85.2301,ukr
2013,86.75427,ukr
2014,88.96927,ukr
2007,71.08244,ury
2008,72.95803,ury
2009,75.74519,ury
2010,76.08513,ury
2013,78.92655,ury
2000,87.40828,usa
2001,88.33398,usa
2002,86.02794,usa
2003,90.2675,usa
2004,91.94563,usa
2005,91.7294,usa
2006,91.08409,usa
2007,91.20605,usa
2008,91.10048,usa
2009,90.76806,usa
2010,88.95475,usa
2011,89.57585,usa
2012,89.46749,usa
2013,90.15375,usa
2014,91.98203,usa
2001,73.3613,vct
2002,79.16667,vct
2003,75.01355,vct
2004,79.19942,vct
2005,82.4115,vct
2009,92.57229,vct
2010,86.51579,vct
1999,52.93002,ven
2000,55.34186,ven
2001,58.24696,ven
2002,60.63761,ven
2003,62.08721,ven
2004,64.33038,ven
2005,66.11535,ven
2006,69.54416,ven
2007,71.70921,ven
2008,72.47707,ven
2009,73.89807,ven
2010,74.25166,ven
2011,75.39913,ven
2012,76.69786,ven
2013,77.23556,ven
2014,78.53774,ven
1999,27.66254,vut
2000,35.62085,vut
2001,32.75769,vut
2002,36.94094,vut
2003,34.9407,vut
2004,37.61028,vut
2010,52.52045,vut
1999,75.02714,wsm
2000,69.10432,wsm
2001,70.47335,wsm
2009,85.90218,wsm
2010,85.57774,wsm
2011,85.791,wsm
2012,84.37763,wsm
2014,84.3507,wsm
1999,18.36647,yem
2010,30.07534,yem
2012,33.20922,yem
1999,63.76778,zaf
2000,62.5961,zaf
2001,63.18919,zaf
2002,64.83528,zaf
2003,66.48993,zaf
2004,67.72703,zaf
2005,68.9023,zaf
1999,37.95303,zwe
2000,37.87703,zwe
2001,38.6772,zwe
2002,36.71684,zwe
2003,33.64965,zwe
2012,43.39464,zwe
2013,44.48014,zwe
