time,ptrhc_1,location
1999,16.06978,19700
2000,15.6581,19700
2001,15.58779,19700
2002,15.27178,19700
2003,15.20563,19700
2004,14.96101,19700
2005,14.78342,19700
2006,14.60445,19700
2007,14.43431,19700
2008,14.34256,19700
2009,14.35322,19700
2010,14.16815,19700
2011,14.403,19700
2012,14.54664,19700
2013,14.59411,19700
2014,14.66907,19700
1999,29.26763,19710
2000,29.07299,19710
2001,28.68861,19710
2002,28.55271,19710
2003,28.49019,19710
2004,27.90574,19710
2005,27.75278,19710
2006,27.65076,19710
2007,27.55292,19710
2008,27.43249,19710
2009,27.00133,19710
2010,26.61096,19710
2011,26.20795,19710
2012,26.14087,19710
2013,25.63235,19710
2014,25.60458,19710
1999,28.548,40030
2000,28.2605,40030
2001,27.79458,40030
2002,27.46038,40030
2003,27.31054,40030
2004,26.69912,40030
2005,26.47181,40030
2006,26.33617,40030
2007,26.18456,40030
2008,25.97275,40030
2009,25.52392,40030
2010,25.15994,40030
2011,24.74273,40030
2012,24.72673,40030
2013,24.16925,40030
2014,24.08645,40030
1999,16.82244,40041
2000,16.41596,40041
2001,16.28058,40041
2002,15.97102,40041
2003,15.88877,40041
2004,15.60606,40041
2005,15.36884,40041
2006,15.18974,40041
2007,14.97369,40041
2008,14.8638,40041
2009,14.84351,40041
2010,14.62431,40041
2011,14.75459,40041
2012,14.82633,40041
2013,14.74381,40041
2014,14.81084,40041
1999,33.60183,40042
2000,33.92325,40042
2001,33.75333,40042
2002,33.52238,40042
2003,33.61557,40042
2004,33.40634,40042
2005,33.62908,40042
2006,33.40416,40042
2007,33.36723,40042
2008,33.23977,40042
2009,32.37569,40042
2010,31.64865,40042
2011,30.65293,40042
2012,30.54854,40042
2013,29.11033,40042
2014,29.32397,40042
1999,24.53027,40043
2000,23.77889,40043
2001,23.03107,40043
2002,22.52572,40043
2003,21.96661,40043
2004,21.17343,40043
2005,20.31199,40043
2006,20.07419,40043
2007,19.77986,40043
2008,19.48242,40043
2009,19.1809,40043
2010,18.92388,40043
2011,18.82869,40043
2012,18.77768,40043
2013,18.87434,40043
2014,18.4651,40043
1999,43.53211,40044
2000,45.18149,40044
2001,46.07751,40044
2002,48.3757,40044
2003,48.87982,40044
2004,48.11392,40044
2005,48.28393,40044
2006,47.33161,40044
2007,47.5891,40044
2008,47.36097,40044
2009,46.15784,40044
2010,44.75861,40044
2011,44.1628,40044
2012,42.87447,40044
2013,42.97137,40044
2014,42.83962,40044
1999,15.40584,40061
2000,15.00848,40061
2001,15.01785,40061
2002,14.57414,40061
2003,14.52781,40061
2004,14.25683,40061
2005,14.1089,40061
2006,13.94438,40061
2007,13.80066,40061
2008,13.76024,40061
2009,13.78863,40061
2010,13.54627,40061
2011,13.75579,40061
2012,13.9356,40061
2013,13.97236,40061
2014,14.0344,40061
1999,20.8906,40063
2000,20.95628,40063
2001,20.58666,40063
2002,20.17774,40063
2003,19.97664,40063
2004,19.08005,40063
2005,18.70752,40063
2006,18.11996,40063
2007,17.211,40063
2008,16.82367,40063
2009,16.6765,40063
2010,17.06464,40063
2011,16.22073,40063
2012,16.25642,40063
2013,16.36492,40063
2014,16.5018,40063
1999,26.5786,40070
2000,26.35172,40070
2001,26.06771,40070
2002,25.91685,40070
2003,25.91614,40070
2004,25.45037,40070
2005,25.30325,40070
2006,25.20381,40070
2007,25.11151,40070
2008,25.01185,40070
2009,24.70651,40070
2010,24.37115,40070
2011,24.14237,40070
2012,24.14768,40070
2013,23.77241,40070
2014,23.76901,40070
1999,24.33724,40313
2000,23.81974,40313
2001,23.16123,40313
2002,22.51404,40313
2003,21.93972,40313
2004,20.98421,40313
2005,20.21492,40313
2006,19.64803,40313
2007,19.15467,40313
2008,19.22928,40313
2009,18.76589,40313
2010,18.41302,40313
2011,18.31479,40313
2012,18.28116,40313
2013,17.7901,40313
2014,17.49794,40313
1999,26.01899,40314
2000,25.60581,40314
2001,24.70251,40314
2002,24.46422,40314
2003,24.0051,40314
2004,24.05488,40314
2005,23.75188,40314
2006,23.89939,40314
2007,24.17993,40314
2008,23.52158,40314
2009,23.20613,40314
2010,22.96675,40314
2011,22.52352,40314
2012,21.9336,40314
2013,21.86936,40314
2014,21.52083,40314
1999,22.95908,40322
2000,22.47513,40322
2001,22.07542,40322
2002,21.95462,40322
2003,21.67011,40322
2004,21.43197,40322
2005,21.80581,40322
2006,21.57448,40322
2007,21.48921,40322
2008,21.21987,40322
2009,21.38128,40322
2010,21.42877,40322
2011,19.96311,40322
2012,19.85177,40322
2013,20.18643,40322
2014,20.29718,40322
1999,18.0715,40326
2000,17.6644,40326
2001,17.49262,40326
2002,17.60356,40326
2003,17.54496,40326
2004,17.34106,40326
2005,17.19067,40326
2006,16.98393,40326
2007,16.73611,40326
2008,16.47774,40326
2009,16.39208,40326
2010,16.38696,40326
2011,16.74051,40326
2012,16.77595,40326
2013,16.80361,40326
2014,16.94674,40326
1999,24.1264,40327
2000,23.27121,40327
2001,22.41967,40327
2002,21.85328,40327
2003,21.28199,40327
2004,20.07707,40327
2005,18.90687,40327
2006,18.51128,40327
2007,17.93287,40327
2008,17.77593,40327
2009,17.40963,40327
2010,17.01712,40327
2011,16.91705,40327
2012,16.94102,40327
2013,16.92855,40327
2014,16.33191,40327
1999,24.86831,40336
2000,24.82837,40336
2001,24.26398,40336
2002,24.33461,40336
2003,24.1299,40336
2004,23.567,40336
2005,24.97948,40336
2006,24.83221,40336
2007,25.20654,40336
2008,24.87213,40336
2009,24.9243,40336
2010,25.18037,40336
2011,21.43371,40336
2012,21.24259,40336
2013,22.97678,40336
2014,22.85797,40336
1999,38.92574,40345
2000,38.80842,40345
2001,39.00541,40345
2002,39.50456,40345
2003,39.82273,40345
2004,39.78304,40345
2005,39.59476,40345
2006,39.52482,40345
2007,39.2933,40345
2008,38.33815,40345
2009,37.26725,40345
2010,36.36569,40345
2011,35.21549,40345
2012,35.34642,40345
2013,33.28139,40345
2014,33.52683,40345
1999,38.92574,40346
2000,38.80842,40346
2001,39.00541,40346
2002,39.50456,40346
2003,39.82273,40346
2004,39.78304,40346
2005,39.59476,40346
2006,39.52482,40346
2007,39.2933,40346
2008,38.33815,40346
2009,37.26725,40346
2010,36.36569,40346
2011,35.21549,40346
2012,35.34642,40346
2013,33.28139,40346
2014,33.52683,40346
1999,25.50045,40347
2000,25.71889,40347
2001,25.38757,40347
2002,24.38891,40347
2003,23.7105,40347
2004,23.322,40347
2005,23.22158,40347
2006,22.08669,40347
2007,21.677,40347
2008,22.34428,40347
2009,21.47188,40347
2010,21.05471,40347
2011,20.88201,40347
2012,20.66286,40347
2013,19.13256,40347
2014,19.32266,40347
1999,41.9838,40350
2000,43.33125,40350
2001,43.55425,40350
2002,44.37845,40350
2003,44.53142,40350
2004,43.86407,40350
2005,43.9447,40350
2006,44.78573,40350
2007,45.71443,40350
2008,45.38483,40350
2009,44.65346,40350
2010,43.3008,40350
2011,43.24345,40350
2012,42.52797,40350
2013,42.51563,40350
2014,42.48259,40350
1999,21.77358,40354
2000,20.96615,40354
2001,20.70675,40354
2002,20.42208,40354
2003,19.95468,40354
2004,19.85653,40354
2005,19.40441,40354
2006,19.05591,40354
2007,18.6815,40354
2008,18.40707,40354
2009,18.52997,40354
2010,18.3879,40354
2011,18.24334,40354
2012,18.04016,40354
2013,17.37048,40354
2014,17.6745,40354
1999,26.56417,40355
2000,26.33687,40355
2001,26.0524,40355
2002,25.90027,40355
2003,25.89891,40355
2004,25.4331,40355
2005,25.28552,40355
2006,25.18549,40355
2007,25.09228,40355
2008,24.9924,40355
2009,24.6869,40355
2010,24.35213,40355
2011,24.12563,40355
2012,24.13351,40355
2013,23.75745,40355
2014,23.754,40355
1999,29.19686,40358
2000,29.79731,40358
2001,29.74599,40358
2002,30.05158,40358
2003,30.23395,40358
2004,30.3907,40358
2005,30.96556,40358
2006,31.40485,40358
1999,41.19564,40359
2000,42.46297,40359
2001,42.67549,40359
2002,43.44324,40359
2003,43.59925,40359
2004,42.9818,40359
2005,43.06252,40359
2006,43.80722,40359
2007,44.69901,40359
2008,44.30891,40359
2009,43.65565,40359
2010,42.4047,40359
2011,42.39686,40359
2012,41.72816,40359
2013,41.68893,40359
2014,41.66552,40359
1999,25.93666,40360
2000,25.52243,40360
2001,24.62394,40360
2002,24.38344,40360
2003,23.9242,40360
2004,23.96919,40360
2005,23.66508,40360
2006,23.80599,40360
2007,24.07815,40360
2008,23.42302,40360
2009,23.10682,40360
2010,22.87108,40360
2011,22.44673,40360
2012,21.88549,40360
2013,21.81157,40360
2014,21.46699,40360
1999,20.6086,40365
2000,20.66709,40365
2001,20.29818,40365
2002,19.89753,40365
2003,19.70624,40365
2004,18.77388,40365
2005,18.34978,40365
2006,17.76353,40365
2007,16.8716,40365
2008,16.48069,40365
2009,16.31768,40365
2010,16.67654,40365
2011,15.85599,40365
2012,15.91407,40365
2013,16.0658,40365
2014,16.22361,40365
1999,26.56417,40366
2000,26.33687,40366
2001,26.0524,40366
2002,25.90027,40366
2003,25.89891,40366
2004,25.4331,40366
2005,25.28552,40366
2006,25.18549,40366
2007,25.09228,40366
2008,24.9924,40366
2009,24.6869,40366
2010,24.35213,40366
2011,24.12563,40366
2012,24.13351,40366
2013,23.75745,40366
2014,23.754,40366
1999,36.8954,40368
2000,37.87415,40368
2001,37.97194,40368
2002,38.66828,40368
2003,38.89597,40368
2004,38.4537,40368
2005,38.9599,40368
2006,39.57542,40368
2007,40.47634,40368
2008,40.22199,40368
2009,39.93495,40368
2010,39.11534,40368
2011,37.98581,40368
2012,37.4132,40368
2013,38.02073,40368
2014,38.02587,40368
1999,19.55616,40369
2000,19.20079,40369
2001,19.43493,40369
2002,19.15348,40369
2003,18.97694,40369
2004,18.71096,40369
2005,18.56645,40369
2006,18.19536,40369
2007,18.17463,40369
2008,17.9512,40369
2009,18.18114,40369
2010,17.94361,40369
2011,18.46031,40369
2012,18.45834,40369
2013,18.24728,40369
2014,18.04472,40369
1999,25.33763,40370
2000,24.84513,40370
2001,23.6647,40370
2002,23.09057,40370
2003,22.7272,40370
2004,22.48418,40370
2005,22.19638,40370
2006,22.61863,40370
2007,23.02171,40370
2008,22.27916,40370
2009,21.7024,40370
2010,21.42859,40370
2011,20.84731,40370
2012,20.19856,40370
2013,20.46466,40370
2014,20.33403,40370
1999,28.12396,40371
2000,27.73415,40371
2001,27.31303,40371
2002,26.99525,40371
2003,26.88996,40371
2004,26.12846,40371
2005,25.74199,40371
2006,25.387,40371
2007,24.99552,40371
2008,24.89783,40371
2009,24.36875,40371
2010,23.95648,40371
2011,23.60465,40371
2012,23.6145,40371
2013,22.81604,40371
2014,22.74032,40371
1999,15.70241,40372
2000,15.22389,40372
2001,14.8768,40372
2002,14.70375,40372
2003,14.63921,40372
2004,14.63382,40372
2005,14.38349,40372
2006,14.27468,40372
2007,13.9952,40372
2008,13.93294,40372
2009,13.85737,40372
2010,13.73492,40372
2011,13.77512,40372
2012,14.00916,40372
2013,14.13635,40372
2014,14.2291,40372
1999,20.11367,40373
2000,20.17886,40373
2001,19.96043,40373
2002,19.97213,40373
1999,19.53804,40387
2000,19.12527,40387
2001,18.69944,40387
2002,18.48644,40387
2003,18.20842,40387
2004,17.74217,40387
2005,17.69001,40387
2006,17.39871,40387
2007,16.91257,40387
2008,16.74725,40387
2009,16.83917,40387
2010,17.15098,40387
2011,16.97726,40387
2012,17.21464,40387
2013,17.3686,40387
2014,17.56962,40387
1999,15.71766,40388
2000,15.35256,40388
2001,15.34239,40388
2002,15.00551,40388
2003,14.97637,40388
2004,14.70048,40388
2005,14.51948,40388
2006,14.34016,40388
2007,14.18626,40388
2008,14.09385,40388
2009,14.08192,40388
2010,13.85355,40388
2011,14.08734,40388
2012,14.20713,40388
2013,14.24106,40388
2014,14.30005,40388
1999,29.39105,40389
2000,29.19093,40389
2001,28.80624,40389
2002,28.67505,40389
2003,28.6093,40389
2004,28.03166,40389
2005,27.8804,40389
2006,27.78506,40389
2007,27.69818,40389
2008,27.57944,40389
2009,27.14066,40389
2010,26.73254,40389
2011,26.33459,40389
2012,26.26018,40389
2013,25.74488,40389
2014,25.71543,40389
1999,15.4054,40500
2000,15.00808,40500
2001,15.01745,40500
2002,14.57377,40500
2003,14.52745,40500
2004,14.25643,40500
2005,14.10851,40500
2006,13.94398,40500
2007,13.80009,40500
2008,13.7596,40500
2009,13.78799,40500
2010,13.54561,40500
2011,13.75538,40500
2012,13.93513,40500
2013,13.9719,40500
2014,14.03394,40500
1999,20.8906,40505
2000,20.95628,40505
2001,20.58666,40505
2002,20.17774,40505
2003,19.97664,40505
2004,19.08005,40505
2005,18.70752,40505
2006,18.11996,40505
2007,17.211,40505
2008,16.82367,40505
2009,16.6765,40505
2010,17.06464,40505
2011,16.22073,40505
2012,16.25642,40505
2013,16.36492,40505
2014,16.5018,40505
1999,26.56417,40510
2000,26.33687,40510
2001,26.0524,40510
2002,25.90027,40510
2003,25.89891,40510
2004,25.4331,40510
2005,25.28552,40510
2006,25.18549,40510
2007,25.09228,40510
2008,24.9924,40510
2009,24.6869,40510
2010,24.35213,40510
2011,24.12563,40510
2012,24.13351,40510
2013,23.75745,40510
2014,23.754,40510
1999,24.33096,40515
2000,23.814,40515
2001,23.15601,40515
2002,22.50788,40515
2003,21.93407,40515
2004,20.97867,40515
2005,20.21022,40515
2006,19.64337,40515
2007,19.14926,40515
2008,19.22287,40515
2009,18.75911,40515
2010,18.40561,40515
2011,18.30691,40515
2012,18.27257,40515
2013,17.78169,40515
2014,17.48965,40515
1999,25.93402,40520
2000,25.5196,40520
2001,24.62104,40520
2002,24.3805,40520
2003,23.92136,40520
2004,23.96622,40520
2005,23.66208,40520
2006,23.80294,40520
2007,24.0749,40520
2008,23.41987,40520
2009,23.10366,40520
2010,22.86787,40520
2011,22.44452,40520
2012,21.88377,40520
2013,21.80881,40520
2014,21.46404,40520
1999,22.95908,40525
2000,22.47513,40525
2001,22.07542,40525
2002,21.95462,40525
2003,21.67011,40525
2004,21.43197,40525
2005,21.80581,40525
2006,21.57448,40525
2007,21.48921,40525
2008,21.21987,40525
2009,21.38128,40525
2010,21.42877,40525
2011,19.96311,40525
2012,19.85177,40525
2013,20.18643,40525
2014,20.29718,40525
1999,18.0715,40530
2000,17.6644,40530
2001,17.49262,40530
2002,17.60356,40530
2003,17.54496,40530
2004,17.34106,40530
2005,17.19067,40530
2006,16.98393,40530
2007,16.73611,40530
2008,16.47774,40530
2009,16.39208,40530
2010,16.38696,40530
2011,16.74051,40530
2012,16.77595,40530
2013,16.80361,40530
2014,16.94674,40530
1999,38.92574,40535
2000,38.80842,40535
2001,39.00541,40535
2002,39.50456,40535
2003,39.82273,40535
2004,39.78304,40535
2005,39.59476,40535
2006,39.52482,40535
2007,39.2933,40535
2008,38.33815,40535
2009,37.26725,40535
2010,36.36569,40535
2011,35.21549,40535
2012,35.34642,40535
2013,33.28139,40535
2014,33.52683,40535
1999,41.9838,40540
2000,43.33125,40540
2001,43.55425,40540
2002,44.37845,40540
2003,44.53142,40540
2004,43.86407,40540
2005,43.9447,40540
2006,44.78573,40540
2007,45.71443,40540
2008,45.38483,40540
2009,44.65346,40540
2010,43.3008,40540
2011,43.24345,40540
2012,42.52797,40540
2013,42.51563,40540
2014,42.48259,40540
1999,19.23044,abw
2000,19.05967,abw
2001,18.94779,abw
2002,19.06977,abw
2003,18.43017,abw
2004,18.45109,abw
2005,18.0776,abw
2006,18.16434,abw
2007,17.41751,abw
2008,17.29188,abw
2009,17.08591,abw
2010,16.82253,abw
2011,15.08609,abw
2012,14.78869,abw
1999,33.18571,afg
2006,42.32602,afg
2007,42.7703,afg
2008,43.72982,afg
2009,42.83639,afg
2010,44.41709,afg
2011,43.51915,afg
2012,44.67743,afg
2013,45.71171,afg
2007,41.0124,ago
2010,45.58651,ago
2011,42.54306,ago
1999,22.09859,aia
2000,19.98701,aia
2001,18.8481,aia
2002,16.9881,aia
2003,15.9011,aia
2004,14.33,aia
2005,15.41489,aia
2006,16.98876,aia
2007,16.06186,aia
2008,14.12281,aia
2009,14.45455,aia
2010,14.46429,aia
2011,14.82883,aia
2000,22.56784,alb
2001,21.75244,alb
2003,21.49541,alb
2008,19.4078,alb
2009,20.17793,alb
2010,19.70208,alb
2011,19.86917,alb
2012,19.48298,alb
2013,19.12103,alb
2014,18.92294,alb
2002,12.67901,and
2003,12.0758,and
2004,12.65282,and
2005,11.47472,and
2006,10.4891,and
2007,10.24769,and
2008,10.02679,and
2009,10.33256,and
2010,9.64018,and
2011,9.84527,and
2012,9.58237,and
2013,9.33028,and
2014,9.51991,and
1999,16.01551,are
2000,16.14708,are
2001,15.94765,are
2002,15.27716,are
2003,15.21595,are
2004,15.00218,are
2005,15.23077,are
2006,15.47687,are
2007,17.19022,are
2009,15.60016,are
2010,16.83357,are
2011,17.03397,are
2012,18.18358,are
2013,16.06864,are
2014,18.93254,are
1999,21.77841,arg
2000,20.05203,arg
2001,18.02999,arg
2002,17.596,arg
2004,17.95223,arg
2005,17.44373,arg
2006,17.1849,arg
2007,16.36028,arg
2008,17.22969,arg
1999,16.07076,arm
2001,20.3441,arm
2002,20.34332,arm
2003,18.8372,arm
2004,20.26241,arm
2005,21.19732,arm
2006,21.24161,arm
2007,19.3076,arm
2000,18.74101,atg
2007,21.50372,atg
2008,17.12889,atg
2009,16.22446,atg
2010,15.0656,atg
2011,14.51203,atg
2012,13.84503,atg
2014,14.2465,atg
1999,17.87578,aus
1999,13.45715,aut
2002,13.26801,aut
2003,13.1816,aut
2004,13.13389,aut
2005,12.40884,aut
2006,12.23292,aut
2007,11.86203,aut
2008,11.62932,aut
2009,11.36314,aut
2010,11.02831,aut
2011,10.89398,aut
2012,10.82489,aut
2013,10.7043,aut
2014,10.71766,aut
1999,18.77911,aze
2000,18.68574,aze
2001,17.12015,aze
2002,16.1852,aze
2003,15.26139,aze
2004,14.27144,aze
2005,13.44831,aze
2006,12.496,aze
2007,11.61559,aze
2008,11.29601,aze
2009,11.08342,aze
2010,11.04222,aze
2011,11.16445,aze
2012,11.92302,aze
2013,12.14857,aze
2014,12.62333,aze
1999,55.41274,bdi
2000,55.35975,bdi
2001,50.19719,bdi
2002,49.07639,bdi
2003,49.90569,bdi
2004,51.24546,bdi
2005,48.70398,bdi
2006,54.18522,bdi
2007,51.99833,bdi
2009,51.36121,bdi
2010,50.6021,bdi
2011,48.31143,bdi
2012,47.10468,bdi
2013,45.00022,bdi
2014,43.65376,bdi
2000,11.98281,bel
2001,12.13166,bel
2002,11.94293,bel
2003,11.87883,bel
2004,11.57307,bel
2005,11.4904,bel
2006,11.28317,bel
2007,11.20271,bel
2008,11.179,bel
2009,11.14094,bel
2010,11.03429,bel
2011,11.18924,bel
2012,11.20289,bel
2013,11.14292,bel
2014,11.23947,bel
1999,53.39559,ben
2000,52.64958,ben
2001,53.52288,ben
2002,52.96325,ben
2003,62.1705,ben
2004,51.583,ben
2005,46.8289,ben
2006,43.62338,ben
2008,44.55301,ben
2009,44.86809,ben
2010,46.3918,ben
2011,44.20067,ben
2012,44.14979,ben
2013,43.72854,ben
2014,45.92349,ben
1999,49.00318,bfa
2000,48.8764,bfa
2001,47.4189,bfa
2002,45.37812,bfa
2003,44.65893,bfa
2004,48.69293,bfa
2005,47.17637,bfa
2006,45.83142,bfa
2007,47.65745,bfa
2008,48.92155,bfa
2009,48.90026,bfa
2010,52.39988,bfa
2011,52.68641,bfa
2012,48.23903,bfa
2013,46.09623,bfa
2014,44.49899,bfa
2005,47.03943,bgd
2006,47.53901,bgd
2007,44.75494,bgd
2008,43.72919,bgd
2009,45.75844,bgd
2010,42.97476,bgd
2011,40.21148,bgd
1999,17.91437,bgr
2000,16.82985,bgr
2001,17.69108,bgr
2002,16.81736,bgr
2003,17.13133,bgr
2004,16.74773,bgr
2005,16.22654,bgr
2006,15.71211,bgr
2007,15.93711,bgr
2008,16.07127,bgr
2009,17.3139,bgr
2010,17.49009,bgr
2011,17.46208,bgr
2012,17.41818,bgr
2013,17.63101,bgr
2014,17.73363,bgr
2011,12.1159,bhr
2012,11.76839,bhr
2013,11.85094,bhr
2014,11.66884,bhr
1999,14.0399,bhs
2002,16.83243,bhs
2004,16.77674,bhs
2006,15.38373,bhs
2007,15.33967,bhs
2008,15.78783,bhs
2009,12.99478,bhs
2010,14.1453,bhs
2013,17.09921,bih
2014,16.82054,bih
1999,19.53285,blr
2000,18.2068,blr
2001,17.43863,blr
2002,16.66112,blr
2003,15.93862,blr
2004,15.44266,blr
2005,16.03553,blr
2006,16.02405,blr
2007,15.96701,blr
2008,15.32719,blr
2009,15.14091,blr
2010,14.96616,blr
2011,14.96367,blr
2012,14.90909,blr
2013,15.36216,blr
2014,16.47603,blr
1999,23.5,blz
2000,23.31494,blz
2001,22.81694,blz
2003,20.75066,blz
2004,23.23186,blz
2005,23.62341,blz
2006,22.93853,blz
2007,22.88272,blz
2008,22.61592,blz
2009,22.63613,blz
2010,22.24335,blz
2011,21.89921,blz
2012,21.56275,blz
2013,22.57321,blz
2014,22.39466,blz
2001,9.25187,bmu
2002,8.95985,bmu
2003,8.90328,bmu
2004,8.58929,bmu
2005,8.33625,bmu
2006,8.25044,bmu
2010,7.35691,bmu
2011,8.94444,bmu
2012,9.82751,bmu
2013,7.19372,bmu
2014,6.72131,bmu
1999,24.72372,bol
2000,25.06549,bol
2001,25.76008,bol
2002,23.66797,bol
2003,23.92772,bol
2007,24.21916,bol
1999,25.94511,bra
2000,24.79699,bra
2001,22.97087,bra
2002,22.35331,bra
2003,21.56753,bra
2004,21.38676,bra
2005,21.04365,bra
2007,23.85828,bra
2008,23.02467,bra
2009,22.64411,bra
2010,22.16609,bra
2011,21.28507,bra
2012,20.51712,bra
2013,21.22749,bra
1999,17.77204,brb
2000,17.56999,brb
2001,17.03586,brb
2002,15.90347,brb
2003,15.80411,brb
2004,15.76766,brb
2005,15.14568,brb
2007,14.54218,brb
2008,13.45642,brb
2009,14.1425,brb
2010,13.00746,brb
2011,13.08663,brb
2014,18.48996,brb
1999,13.96313,brn
2000,13.66667,brn
2001,13.63795,brn
2002,12.69287,brn
2003,12.24954,brn
2004,10.88013,brn
2005,10.11697,brn
2006,12.51317,brn
2007,12.67144,brn
2008,12.55216,brn
2009,11.94999,brn
2010,11.34882,brn
2011,11.33566,brn
2012,10.58767,brn
2013,10.15195,brn
2014,10.25924,brn
1999,41.70401,btn
2000,41.147,btn
2001,39.48254,btn
2005,31.05151,btn
2006,29.18213,btn
2008,29.87891,btn
2009,27.70221,btn
2010,25.89606,btn
2011,25.37845,btn
2012,23.9859,btn
2013,28.67592,btn
2014,26.65627,btn
1999,26.98536,bwa
2000,26.72295,bwa
2001,26.63306,bwa
2002,26.40132,bwa
2003,26.059,bwa
2004,25.84666,bwa
2005,25.55037,bwa
2006,25.39325,bwa
2007,25.22265,bwa
2008,25.08494,bwa
2009,25.41686,bwa
2012,23.41584,bwa
2013,22.61822,bwa
2005,88.62691,caf
2008,100.23649,caf
2009,94.61257,caf
2010,84.32027,caf
2011,81.31051,caf
2012,80.11576,caf
1999,17.25853,can
2000,17.41596,can
2012,10.7542,che
2013,10.44588,che
2014,10.10432,che
1999,31.98306,chl
2000,32.22683,chl
2002,32.92755,chl
2003,34.0928,chl
2004,27.29501,chl
2005,26.05133,chl
2006,25.73597,chl
2007,25.11168,chl
2008,24.64024,chl
2009,23.00957,chl
2010,23.41154,chl
2011,21.97403,chl
2012,21.15991,chl
2013,19.52587,chl
2001,22.20572,chn
2003,21.05303,chn
2006,18.25192,chn
2007,17.68203,chn
2008,17.55452,chn
2009,17.21563,chn
2010,16.84376,chn
2011,16.78841,chn
2012,16.84872,chn
2013,16.85343,chn
2014,16.23079,chn
1999,42.71803,civ
2000,44.97398,civ
2001,46.07557,civ
2002,43.88046,civ
2003,42.35665,civ
2006,46.10896,civ
2007,41.00376,civ
2008,41.8902,civ
2009,42.12742,civ
2011,48.84621,civ
2012,41.71605,civ
2013,41.00117,civ
2014,42.52673,civ
1999,51.86201,cmr
2001,62.72134,cmr
2002,60.80479,cmr
2003,57.0638,cmr
2004,53.90314,cmr
2005,47.8128,cmr
2006,44.69425,cmr
2007,44.43054,cmr
2008,46.03527,cmr
2009,46.31569,cmr
2010,45.79474,cmr
2011,45.43773,cmr
2012,45.56349,cmr
2014,44.19526,cmr
1999,26.01515,cod
2002,34.33504,cod
2007,38.29543,cod
2008,39.02034,cod
2009,37.32547,cod
2010,37.0131,cod
2011,37.37094,cod
2012,34.74758,cod
2013,37.06925,cod
2014,35.31936,cod
1999,61.22946,cog
2000,60.48057,cog
2001,59.49181,cog
2002,56.20777,cog
2003,65.17102,cog
2004,82.79541,cog
2006,54.79663,cog
2007,58.48011,cog
2008,51.80477,cog
2009,64.38062,cog
2010,49.14568,cog
2011,47.09289,cog
2012,44.442,cog
1999,18.01389,cok
2000,17.75373,cok
2001,17.79259,cok
2002,17.68889,cok
2003,15.65278,cok
2005,16.06569,cok
2007,16.248,cok
2008,16.25806,cok
2009,15.26772,cok
2010,14.96748,cok
2011,15.90598,cok
2012,14.75591,cok
2013,16.91509,cok
2014,16.6036,cok
1999,24.02045,col
2000,26.45241,col
2001,26.01713,col
2002,26.81989,col
2004,27.95172,col
2005,28.34839,col
2006,28.18322,col
2007,29.51974,col
2008,29.3957,col
2009,29.30908,col
2010,28.13107,col
2011,27.57965,col
2012,25.04796,col
2013,24.98364,col
2014,24.28676,col
1999,34.77068,com
2000,36.83793,com
2002,39.20075,com
2003,35.85763,com
2004,34.98787,com
2008,30.15332,com
2011,27.74673,com
2013,27.80796,com
1999,28.66264,cpv
2000,28.72602,cpv
2001,28.20162,cpv
2002,28.77571,cpv
2003,27.931,cpv
2004,26.86589,cpv
2005,26.01411,cpv
2006,25.36885,cpv
2007,24.85836,cpv
2008,24.36111,cpv
2009,23.94141,cpv
2010,23.64041,cpv
2011,23.25538,cpv
2012,22.97124,cpv
2013,22.92555,cpv
2014,22.60472,cpv
1999,26.82207,cri
2000,24.94075,cri
2001,24.31442,cri
2002,22.59585,cri
2004,22.34571,cri
2005,21.34285,cri
2006,19.70728,cri
2007,19.494,cri
2008,18.97453,cri
2009,18.40435,cri
2010,17.8517,cri
2011,17.34208,cri
2013,13.34199,cri
2014,13.22687,cri
1999,11.7748,cub
2000,11.49998,cub
2001,10.73922,cub
2002,13.53028,cub
2003,10.68011,cub
2004,10.24083,cub
2005,10.30837,cub
2006,9.97784,cub
2007,9.64855,cub
2008,9.61042,cub
2009,9.43833,cub
2010,9.12865,cub
2011,9.11033,cub
2012,9.05528,cub
2013,9.06109,cub
2014,9.06511,cub
1999,15.45933,cym
2000,14.49367,cym
2001,15.16667,cym
2002,14.9125,cym
2004,13.39044,cym
2005,12.80632,cym
2006,12.1014,cym
2007,11.06269,cym
2008,12.09061,cym
2011,12.07576,cym
2012,13.31023,cym
2013,13.0363,cym
1999,18.26784,cyp
2000,17.72506,cyp
2001,17.19454,cyp
2002,19.02568,cyp
2003,18.94185,cyp
2004,17.60724,cyp
2005,17.72706,cyp
2006,16.46264,cyp
2007,15.63024,cyp
2008,14.75299,cyp
2009,14.2405,cyp
2010,13.75307,cyp
2011,13.44153,cyp
2012,13.77462,cyp
2013,13.59542,cyp
2014,13.39274,cyp
1999,18.28958,cze
2000,16.88543,cze
2001,17.71026,cze
2002,17.3543,cze
2003,16.79405,cze
2004,16.41274,cze
2005,16.24551,cze
2006,15.65768,cze
2007,18.7278,cze
2008,18.47503,cze
2009,18.50084,cze
2010,18.70713,cze
2011,18.82126,cze
2012,18.97433,cze
2013,18.93175,cze
1999,17.02284,deu
2000,15.28331,deu
2001,14.76453,deu
2002,14.29354,deu
2003,14.04776,deu
2004,14.19004,deu
2005,14.12233,deu
2006,13.96375,deu
2007,13.62843,deu
2008,13.49743,deu
2009,13.00225,deu
2010,12.68383,deu
2011,11.82415,deu
2012,11.71402,deu
2013,11.58027,deu
2014,12.29942,deu
1999,39.5383,dji
2004,34.54823,dji
2006,33.63267,dji
2007,35.48341,dji
2008,34.0344,dji
2009,34.14014,dji
2011,35.23512,dji
2012,34.93245,dji
2013,34.21598,dji
2014,33.23979,dji
2015,33.02204,dji
1999,19.80921,dma
2000,19.55814,dma
2001,18.52512,dma
2002,18.64856,dma
2003,19.01818,dma
2004,19.02119,dma
2005,18.19075,dma
2006,17.23791,dma
2007,17.32064,dma
2008,16.738,dma
2009,16.13922,dma
2010,16.01969,dma
2011,15.92564,dma
2012,15.78295,dma
2013,14.84121,dma
2014,14.25,dma
1999,10.03223,dnk
2000,10.12217,dnk
2001,9.93301,dnk
1999,31.18106,dom
2000,31.03273,dom
2002,32.60835,dom
2004,25.23843,dom
2005,24.32793,dom
2006,22.51085,dom
2007,23.88067,dom
2008,19.62249,dom
2009,25.18972,dom
2010,25.53138,dom
2011,25.45855,dom
2012,23.6279,dom
2013,23.49304,dom
2014,20.56358,dom
1999,28.19076,dza
2000,28.3962,dza
2001,27.84252,dza
2002,27.59291,dza
2003,27.53299,dza
2004,26.51107,dza
2005,25.43721,dza
2006,24.48384,dza
2007,23.93164,dza
2008,23.23052,dza
2009,22.99987,dza
2010,23.32803,dza
2011,23.26903,dza
2012,23.15942,dza
2013,23.26105,dza
2014,23.66406,dza
1999,23.6912,ecu
2000,23.25134,ecu
2001,23.06638,ecu
2002,24.47064,ecu
2003,23.73489,ecu
2004,23.13241,ecu
2005,22.89619,ecu
2006,22.51506,ecu
2007,22.56566,ecu
2009,16.72454,ecu
2010,18.77983,ecu
2011,18.12219,ecu
2012,18.19308,ecu
2013,18.64059,ecu
2014,23.58811,ecu
1999,23.37189,egy
2000,22.98104,egy
2001,22.26153,egy
2002,22.49667,egy
2003,22.18727,egy
2004,21.8606,egy
2005,25.6326,egy
2006,26.00118,egy
2007,27.08402,egy
2009,27.20919,egy
2010,27.73437,egy
2013,23.22839,egy
2014,23.14367,egy
1999,46.98045,eri
2000,47.51019,eri
2001,44.79469,eri
2002,44.04881,eri
2003,46.71681,eri
2004,46.68206,eri
2005,47.53362,eri
2006,47.2394,eri
2007,47.866,eri
2008,42.95363,eri
2009,38.46821,eri
2010,37.95899,eri
2011,40.4643,eri
2012,40.9313,eri
2013,40.28249,eri
1999,15.04197,esp
2000,14.54434,esp
2001,14.30441,esp
2002,14.00892,esp
2003,13.87611,esp
2004,13.93149,esp
2005,13.75078,esp
2006,13.58265,esp
2007,12.8265,esp
2008,12.42388,esp
2009,12.62216,esp
2010,12.40145,esp
2011,12.39876,esp
2012,12.60121,esp
1999,15.66547,est
2000,14.32289,est
2001,14.10571,est
2006,10.58928,est
2007,12.82706,est
2008,12.15258,est
2009,11.89762,est
2010,11.72345,est
2011,11.7829,est
2012,11.54548,est
2013,11.49954,est
2000,67.33913,eth
2008,62.28293,eth
2009,57.9406,eth
2010,54.05852,eth
2011,55.06929,eth
2012,53.74934,eth
2014,64.27288,eth
1999,17.26959,fin
2000,16.68729,fin
2001,15.89647,fin
2002,15.56876,fin
2003,16.34786,fin
2004,15.95583,fin
2005,15.53424,fin
2006,15.0094,fin
2007,15.03387,fin
2008,14.394,fin
2009,13.64642,fin
2010,14.03056,fin
2011,13.67094,fin
2012,13.55949,fin
2013,13.19718,fin
2000,28.12209,fji
2001,27.95442,fji
2002,27.8225,fji
2003,28.16087,fji
2004,28.1581,fji
2008,26.03275,fji
2011,30.75971,fji
2012,27.99728,fji
1999,18.90745,fra
2000,18.74643,fra
2001,18.74644,fra
2002,18.63916,fra
2003,18.63923,fra
2004,18.64066,fra
2005,18.55493,fra
2006,18.67071,fra
2007,18.95016,fra
2008,19.03749,fra
2009,18.72938,fra
2010,17.76643,fra
2011,17.5183,fra
2012,17.81514,fra
2013,18.1766,fra
1999,51.93734,gab
2001,49.21541,gab
2002,42.63022,gab
2003,36.04019,gab
2011,24.53098,gab
1999,18.69099,gbr
2000,18.66476,gbr
2001,17.58523,gbr
2002,17.17514,gbr
2003,17.10493,gbr
2004,18.09401,gbr
2005,17.47359,gbr
2006,18.08045,gbr
2007,17.24426,gbr
2008,18.26999,gbr
2009,17.96198,gbr
2010,17.52706,gbr
2011,17.2654,gbr
2012,18.30825,gbr
2013,18.43752,gbr
2014,17.3882,gbr
1999,17.41941,geo
2000,16.84272,geo
2001,15.62819,geo
2002,13.85575,geo
2003,14.50291,geo
2008,8.68001,geo
2009,8.9205,geo
2013,9.09457,geo
2014,9.07882,geo
1999,29.59855,gha
2000,33.78522,gha
2001,33.00158,gha
2002,32.10887,gha
2003,31.31125,gha
2004,32.34112,gha
2005,32.81364,gha
2006,35.38932,gha
2007,31.98986,gha
2008,32.24014,gha
2009,33.11177,gha
2011,31.04223,gha
2012,32.98357,gha
2013,31.68167,gha
2014,30.07899,gha
2015,31.25587,gha
1999,28.33696,gib
2000,22.53333,gib
2001,20.66957,gib
2008,16.63731,gib
2009,16.03448,gib
1999,46.83864,gin
2000,45.58806,gin
2001,44.35788,gin
2002,47.2258,gin
2003,44.99174,gin
2004,45.24222,gin
2005,44.86534,gin
2006,44.45992,gin
2007,45.36442,gin
2008,44.11118,gin
2009,43.68705,gin
2010,42.18615,gin
2011,44.08141,gin
2012,43.55555,gin
2013,44.21036,gin
2014,45.59096,gin
1999,36.95683,gmb
2000,37.44125,gmb
2001,38.68007,gmb
2002,37.98627,gmb
2003,39.40341,gmb
2004,38.53397,gmb
2005,36.56464,gmb
2006,38.47812,gmb
2007,35.15646,gmb
2008,34.36475,gmb
2011,37.61854,gmb
2012,33.86525,gmb
2013,36.13171,gmb
2014,36.83534,gmb
2000,44.0649,gnb
2006,62.23411,gnb
2010,51.92515,gnb
1999,56.68684,gnq
2000,43.39267,gnq
2001,43.35746,gnq
2003,31.97703,gnq
2008,27.96517,gnq
2009,24.21892,gnq
2010,27.16736,gnq
2011,27.90775,gnq
2012,26.1669,gnq
1999,13.53775,grc
2000,13.41496,grc
2001,12.72615,grc
2002,12.52457,grc
2003,11.94256,grc
2004,11.25939,grc
2005,11.06286,grc
2006,10.53573,grc
2007,10.28887,grc
2012,9.19747,grc
1999,22.95528,grd
2000,20.32412,grd
2001,20.88105,grd
2003,18.69144,grd
2004,17.67486,grd
2005,18.23894,grd
2007,15.76693,grd
2008,22.55772,grd
2009,17.09157,grd
2010,16.05523,grd
2013,14.79771,grd
2014,14.48004,grd
1999,38.146,gtm
2000,32.56065,gtm
2001,30.00455,gtm
2002,30.12575,gtm
2004,30.88923,gtm
2005,31.05577,gtm
2006,30.95251,gtm
2007,30.45308,gtm
2008,29.42545,gtm
2009,27.94058,gtm
2010,26.86718,gtm
2011,26.2891,gtm
2012,25.54245,gtm
2013,23.66146,gtm
2014,22.98198,gtm
1999,26.65515,guy
2000,26.22418,guy
2001,26.00952,guy
2003,26.55199,guy
2005,28.03939,guy
2007,26.17853,guy
2008,25.56042,guy
2009,25.56063,guy
2010,24.61945,guy
2011,24.59172,guy
2012,23.1645,guy
1999,21.7,hkg
2000,21.50002,hkg
2001,21.09928,hkg
2002,20.16689,hkg
2003,19.76984,hkg
2004,18.7644,hkg
2005,18.347,hkg
2006,17.759,hkg
2007,16.94053,hkg
2008,16.54729,hkg
2009,15.8539,hkg
2010,15.16485,hkg
2011,14.79974,hkg
2012,14.43462,hkg
2013,13.99258,hkg
2014,13.84932,hkg
1999,31.72588,hnd
2000,34.05898,hnd
2004,32.90479,hnd
2005,29.14181,hnd
2006,27.92893,hnd
2008,33.34365,hnd
2009,33.87645,hnd
2014,13.67112,hnd
1999,19.20884,hrv
2000,18.77265,hrv
2001,18.27197,hrv
2002,17.93677,hrv
2003,17.72563,hrv
2005,17.52572,hrv
2006,17.06071,hrv
2007,16.69378,hrv
2008,16.02884,hrv
2009,14.78459,hrv
2010,14.25609,hrv
2011,13.83132,hrv
2012,13.67519,hrv
2014,13.69721,hrv
1999,10.64964,hun
2000,10.70924,hun
2001,10.53831,hun
2002,10.27733,hun
2003,9.58843,hun
2004,10.47323,hun
2005,10.44291,hun
2006,10.24786,hun
2007,10.05516,hun
2008,10.41766,hun
2009,10.49666,hun
2010,10.57857,hun
2011,10.53922,hun
2012,10.48051,hun
2013,10.40282,hun
2014,11.2436,hun
1999,21.95671,idn
2000,22.11772,idn
2001,22.24524,idn
2002,20.90186,idn
2003,20.29418,idn
2004,20.12598,idn
2005,20.41336,idn
2006,19.00007,idn
2007,18.81593,idn
2008,20.68852,idn
2009,19.77613,idn
2010,19.0117,idn
2011,18.9804,idn
2012,18.59225,idn
2013,16.09408,idn
2014,16.55935,idn
1999,40,ind
2000,39.99999,ind
2001,40.14999,ind
2002,40.66296,ind
2003,41.32988,ind
2011,35.15463,ind
2013,32.31833,ind
1999,21.58899,irl
2001,20.28891,irl
2002,19.40672,irl
2003,18.67253,irl
2004,18.16768,irl
2005,17.86512,irl
2006,17.20225,irl
2007,15.93984,irl
2008,15.86217,irl
2009,15.81153,irl
2010,15.80376,irl
2011,15.57069,irl
2012,16.06046,irl
1999,26.50585,irn
2000,26.14868,irn
2001,25.32444,irn
2002,24.38459,irn
2003,23.60989,irn
2004,22.60443,irn
2005,21.74286,irn
2006,21.84821,irn
2007,21.78506,irn
2008,21.33003,irn
2009,20.4884,irn
2013,25.65459,irn
2014,25.91843,irn
1999,25.47278,irq
2000,21.39027,irq
2003,19.42497,irq
2004,20.52994,irq
2007,16.95545,irq
2011,9.70073,isl
2012,9.92804,isl
1999,13.22278,isr
2000,13.5707,isr
2001,13.43584,isr
2002,13.39734,isr
2003,13.19244,isr
2004,13.20072,isr
2005,13.01884,isr
2006,13.34666,isr
2007,13.14135,isr
2008,13.02577,isr
2009,13.06781,isr
2010,13.05877,isr
2011,12.50256,isr
1999,11.33403,ita
2000,10.95841,ita
2001,10.69891,ita
2002,10.59096,ita
2003,10.8275,ita
2004,10.61624,ita
2005,10.49472,ita
2006,10.55403,ita
2007,10.32595,ita
2013,12.03423,ita
2003,29.65919,jam
2004,27.53374,jam
2011,23.39354,jam
2012,22.85664,jam
2013,21.27636,jam
2014,22.08221,jam
2002,20.05269,jor
2003,19.93241,jor
1999,20.98451,jpn
2000,20.69063,jpn
2001,20.39294,jpn
2002,20.04122,jpn
2003,19.55653,jpn
2004,19.15087,jpn
2005,18.89505,jpn
2006,18.70686,jpn
2007,18.48741,jpn
2008,18.28288,jpn
2009,18.05312,jpn
2010,17.77275,jpn
2011,17.49561,jpn
2012,17.0901,jpn
2013,16.73194,jpn
2001,18.7209,kaz
2002,18.89743,kaz
2003,18.50973,kaz
2004,17.93263,kaz
2005,17.26973,kaz
2006,16.77062,kaz
2007,16.5296,kaz
2008,16.63423,kaz
2009,16.40689,kaz
2010,16.24776,kaz
2011,16.35795,kaz
2012,16.19104,kaz
2013,16.48238,kaz
2014,16.85665,kaz
2015,16.2004,kaz
1999,32.21127,ken
2000,34.43698,ken
2001,34.43703,ken
2002,34.43683,ken
2003,38.02563,ken
2004,39.53539,ken
2005,41.97553,ken
2006,41.54025,ken
2007,41.95242,ken
2008,43.51672,ken
2009,43.33438,ken
2012,56.5747,ken
1999,24.4244,kgz
2000,24.14416,kgz
2001,24.41889,kgz
2002,24.03802,kgz
2003,24.45576,kgz
2004,24.23079,kgz
2005,24.48841,kgz
2006,23.84174,kgz
2007,24.2314,kgz
2008,24.19711,kgz
2009,24.03166,kgz
2010,24.28436,kgz
2011,24.91639,kgz
2012,23.89988,kgz
2013,24.54686,kgz
2014,25.30667,kgz
1999,47.76229,khm
2000,50.12283,khm
2001,52.94991,khm
2002,56.28967,khm
2003,56.23746,khm
2004,55.05284,khm
2005,53.21143,khm
2006,50.42275,khm
2007,50.8791,khm
2008,48.53713,khm
2009,49.07538,khm
2010,48.44957,khm
2011,47.29163,khm
2012,45.72134,khm
2013,46.92711,khm
2014,44.63494,khm
1999,24.66093,kir
2000,31.66522,kir
2001,23.63404,kir
2002,22.43788,kir
2003,26.50671,kir
2004,24.66193,kir
2005,24.6682,kir
2006,26.5462,kir
2007,24.6698,kir
2008,24.9969,kir
2014,26.37134,kir
2000,19.44382,kna
2001,18.92113,kna
2002,16.68394,kna
2003,17.39402,kna
2004,17.42234,kna
2005,17.63889,kna
2007,16.5914,kna
2008,16.14464,kna
2009,14.29797,kna
2010,14.11964,kna
2011,13.05664,kna
2012,15.0961,kna
2013,14.51688,kna
2014,13.798,kna
1999,32.22547,kor
2000,32.12073,kor
2001,32.024,kor
2002,31.25796,kor
2003,30.09795,kor
2004,29.02101,kor
2005,27.93094,kor
2006,26.62451,kor
2007,25.59402,kor
2008,24.06701,kor
2009,22.38267,kor
2010,20.91785,kor
2011,19.04846,kor
2012,17.8745,kor
2013,16.85321,kor
1999,13.44605,kwt
2000,13.77575,kwt
2001,13.4826,kwt
2002,13.59342,kwt
2003,13.28756,kwt
2004,12.84563,kwt
2005,12.06221,kwt
2006,10.14275,kwt
2007,9.6101,kwt
2008,9.11151,kwt
2009,8.56188,kwt
2010,8.37512,kwt
2011,8.60901,kwt
2012,8.60056,kwt
2013,8.60512,kwt
2014,8.82856,kwt
1999,30.56028,lao
2000,30.13631,lao
2001,29.9336,lao
2002,29.87763,lao
2003,30.63596,lao
2004,31.42554,lao
2005,31.47889,lao
2006,31.03166,lao
2007,30.12454,lao
2008,30.49379,lao
2009,29.15319,lao
2010,28.83207,lao
2011,26.80852,lao
2012,27.12631,lao
2013,25.59771,lao
2014,25.1565,lao
1999,14.25064,lbn
2000,14.23481,lbn
2001,17.34958,lbn
2002,17.19698,lbn
2003,17.36837,lbn
2004,14.45002,lbn
2005,14.57447,lbn
2006,14.22194,lbn
2007,14.25017,lbn
2008,14.21478,lbn
2009,13.94637,lbn
2010,14.1419,lbn
2011,14.23097,lbn
2012,14.33889,lbn
2013,12.04695,lbn
1999,39.3447,lbr
2000,38.27341,lbr
2006,27.97468,lbr
2008,24.27877,lbr
2009,27.36148,lbr
2011,26.83431,lbr
2014,26.49841,lbr
1999,21.90154,lca
2000,23.23281,lca
2001,24.22148,lca
2002,22.87259,lca
2003,22.27833,lca
2004,22.68667,lca
2005,21.96925,lca
2006,23.52838,lca
2007,22.73271,lca
2008,21.409,lca
2009,19.96736,lca
2010,18.53758,lca
2011,17.64146,lca
2012,17.24099,lca
2013,16.66479,lca
2014,14.21546,lca
2003,9.16529,lie
2004,8.71538,lie
2005,8.62308,lie
2006,8.38433,lie
2007,7.12381,lie
2008,6.5,lie
2009,6.50305,lie
2010,6.13353,lie
2011,7.83658,lie
2012,7.44361,lie
2001,26.2789,lka
2002,24.85287,lka
2003,23.42655,lka
2004,22.49661,lka
2005,21.924,lka
2006,23.47558,lka
2007,23.8074,lka
2008,23.49545,lka
2009,23.14925,lka
2010,23.91437,lka
2011,24.06572,lka
2012,24.4299,lka
2013,23.74954,lka
2014,23.65918,lka
1999,44.37094,lso
2000,47.88354,lso
2001,47.36441,lso
2002,46.9991,lso
2003,46.23628,lso
2004,42.73081,lso
2005,41.58735,lso
2006,40.78086,lso
2007,37.20013,lso
2008,35.04477,lso
2009,33.75728,lso
2010,33.77485,lso
2011,33.87564,lso
2012,34.07946,lso
2013,32.62708,lso
2014,32.77944,lso
1999,16.53451,ltu
2000,16.44787,ltu
2001,15.95552,ltu
2002,16.31386,ltu
2003,15.55441,ltu
2004,14.72329,ltu
2005,14.07004,ltu
2006,13.64496,ltu
2007,13.2633,ltu
2008,12.99866,ltu
2009,12.80744,ltu
2010,12.84839,ltu
2011,12.41205,ltu
2012,12.43042,ltu
2013,12.61606,ltu
2014,12.80832,ltu
2001,11.73818,lux
2002,11.74075,lux
2003,11.49056,lux
2004,11.52665,lux
2005,11.32837,lux
2006,11.10342,lux
2007,11.0839,lux
2008,11.90842,lux
2010,9.29398,lux
2011,8.99283,lux
2012,8.37204,lux
1999,15.38549,lva
2000,15.10006,lva
2001,14.99391,lva
2002,14.34437,lva
2003,13.70082,lva
2004,12.97768,lva
2005,12.20087,lva
2006,11.76235,lva
2007,11.04241,lva
2008,11.11175,lva
2009,10.44778,lva
2010,11.8849,lva
2011,11.4136,lva
2012,11.01496,lva
2013,11.16241,lva
2014,11.08754,lva
1999,31.15814,mac
2000,29.95057,mac
2001,28.30936,mac
2002,27.45545,mac
2003,25.9548,mac
2004,24.43137,mac
2005,23.24487,mac
2006,21.48361,mac
2007,20.35352,mac
2008,18.24476,mac
2009,17.33943,mac
2010,16.05961,mac
2011,14.84707,mac
2012,14.10087,mac
2013,13.70592,mac
2014,13.69802,mac
1999,28.14105,mar
2000,28.76272,mar
2001,28.13457,mar
2002,28.30725,mar
2003,28.17638,mar
2004,27.55149,mar
2005,27.09953,mar
2006,26.95752,mar
2007,27.38468,mar
2008,26.53204,mar
2009,26.6096,mar
2010,26.23715,mar
2011,26.41532,mar
2012,25.83553,mar
2013,25.98351,mar
2014,25.66659,mar
1999,22.46667,mco
2001,22.30337,mco
1999,21.19649,mda
2000,20.8769,mda
2001,20.21471,mda
2002,19.26334,mda
2003,19.17128,mda
2004,18.95654,mda
2005,17.95097,mda
2006,17.04615,mda
2007,16.25435,mda
2008,15.86201,mda
2009,15.74791,mda
2010,15.41452,mda
2011,15.3188,mda
2012,15.7877,mda
2013,16.32995,mda
2014,16.80874,mda
1999,47.15347,mdg
2000,47.95381,mdg
2001,46.69824,mdg
2002,47.48805,mdg
2003,51.64584,mdg
2004,52.38012,mdg
2005,53.5879,mdg
2006,48.14341,mdg
2007,48.7325,mdg
2008,47.15533,mdg
2009,47.90319,mdg
2010,40.14191,mdg
2011,43.24486,mdg
2012,43.06725,mdg
2013,39.76644,mdg
2014,41.71542,mdg
1999,24.27073,mdv
2000,22.65003,mdv
2001,22.52108,mdv
2002,20.00645,mdv
2003,18.15834,mdv
2004,22.72075,mdv
2005,20.08085,mdv
2006,16.41787,mdv
2007,14.51632,mdv
2008,13.2588,mdv
2009,12.67736,mdv
2010,11.70072,mdv
2011,12.27511,mdv
2012,11.4094,mdv
2013,11.19408,mdv
2014,12.02005,mdv
1999,27.22577,mex
2000,27.15793,mex
2001,26.98308,mex
2002,26.87027,mex
2003,26.66029,mex
2004,28.47157,mex
2005,28.3176,mex
2006,28.00397,mex
2007,27.99039,mex
2008,28.02416,mex
2009,28.11672,mex
2010,28.14672,mex
2011,28.11199,mex
2012,28.01636,mex
2014,27.40876,mex
1999,14.92545,mhl
2002,16.9381,mhl
1999,22.10281,mkd
2000,21.517,mkd
2001,21.58509,mkd
2002,21.18031,mkd
2003,20.22806,mkd
2004,19.95459,mkd
2005,19.37878,mkd
2006,19.12691,mkd
2007,18.28429,mkd
2008,17.27699,mkd
2009,16.39845,mkd
2010,15.93884,mkd
2012,15.15012,mkd
1999,62.07904,mli
2000,65.30321,mli
2001,63.37756,mli
2002,56.41051,mli
2003,57.34473,mli
2004,52.24187,mli
2005,54.38829,mli
2006,52.76025,mli
2007,51.66885,mli
2008,51.43719,mli
2009,50.14558,mli
2010,50.39826,mli
2011,48.47335,mli
2013,41.29582,mli
2014,42.47449,mli
1999,19.62563,mlt
2000,19.14022,mlt
2001,18.99717,mlt
2002,19.06585,mlt
2003,18.17192,mlt
2004,18.78114,mlt
2005,18.40547,mlt
2006,17.95282,mlt
2007,16.85152,mlt
2008,17.52094,mlt
2010,14.29348,mlt
2011,12.61131,mlt
2012,11.45141,mlt
2013,11.41651,mlt
2014,11.27318,mlt
1999,30.59713,mmr
2000,32.76778,mmr
2001,32.25738,mmr
2002,32.56524,mmr
2003,32.81404,mmr
2004,31.99879,mmr
2005,30.90499,mmr
2006,29.90129,mmr
2007,29.11336,mmr
2008,28.81408,mmr
2009,28.41903,mmr
2010,28.2163,mmr
2014,27.56392,mmr
1999,32.44852,mng
2000,32.58434,mng
2001,32.29349,mng
2002,31.78211,mng
2003,30.76911,mng
2004,32.8681,mng
2005,34.23344,mng
2006,33.01005,mng
2007,31.59826,mng
2008,31.14934,mng
2009,30.36106,mng
2010,30.23907,mng
2011,29.32321,mng
2012,28.77793,mng
2013,27.58707,mng
2014,27.20739,mng
1999,61.4934,moz
2000,63.98903,moz
2001,65.94088,moz
2002,67.24468,moz
2004,65.23041,moz
2005,66.33962,moz
2006,67.26054,moz
2007,64.79571,moz
2008,63.99922,moz
2009,61.28936,moz
2010,58.48961,moz
2011,55.41963,moz
2012,54.84224,moz
2013,54.51697,moz
2014,54.48858,moz
1999,47.00272,mrt
2000,44.98951,mrt
2001,41.76436,mrt
2002,39.1186,mrt
2003,41.05778,mrt
2004,40.76051,mrt
2005,40.32497,mrt
2006,41.41219,mrt
2007,42.51481,mrt
2008,37.22792,mrt
2009,39.0677,mrt
2010,37.15186,mrt
2011,39.29443,mrt
2012,40.12932,mrt
2013,35.37825,mrt
2014,34.37911,mrt
1999,20.63158,msr
2000,19.15,msr
2001,20.65,msr
2002,19.82609,msr
2004,21.27273,msr
2005,20.36,msr
2006,16.93333,msr
2007,16.03226,msr
2009,13.10811,msr
2014,10.975,msr
1999,26.13844,mus
2000,26.11761,mus
2001,24.9275,mus
2002,25.19635,mus
2003,23.06335,mus
2004,21.98676,mus
2005,22.3399,mus
2006,21.68399,mus
2007,21.50505,mus
2008,21.66005,mus
2009,21.6212,mus
2010,21.46053,mus
2011,20.35924,mus
2012,20.93864,mus
2013,19.79263,mus
2014,18.73281,mus
1999,63.22113,mwi
2007,78.12204,mwi
2008,78.40557,mwi
2009,80.67995,mwi
2010,79.27172,mwi
2011,76.07357,mwi
2012,74.08589,mwi
2013,69.14697,mwi
2014,61.38905,mwi
1999,20.36262,mys
2000,19.55776,mys
2001,19.66518,mys
2002,18.91971,mys
2003,17.51402,mys
2004,17.48584,mys
2005,16.89527,mys
2006,15.65511,mys
2007,14.98441,mys
2008,14.44237,mys
2009,13.13521,mys
2010,12.60115,mys
2011,12.32447,mys
2012,12.00361,mys
2013,11.83126,mys
2014,11.4126,mys
1999,31.77475,nam
2000,31.59195,nam
2001,31.59703,nam
2002,31.20918,nam
2003,31.63484,nam
2004,33.09097,nam
2005,30.82422,nam
2006,31.44758,nam
2007,29.94574,nam
2008,29.40681,nam
2009,30.10654,nam
2010,29.77842,nam
1999,41.06705,ner
2000,40.66854,ner
2001,41.90637,ner
2002,41.26604,ner
2003,41.72588,ner
2004,43.6949,ner
2005,43.67687,ner
2006,39.98413,ner
2007,39.67316,ner
2008,40.71853,ner
2009,38.83216,ner
2010,38.61445,ner
2011,39.00208,ner
2012,38.75524,ner
2013,36.31449,ner
2014,35.75275,ner
1999,41.4422,nga
2000,42.9015,nga
2001,39.00579,nga
2002,40.27665,nga
2004,35.80647,nga
2005,36.90999,nga
2006,40.4173,nga
2007,46.08983,nga
2010,37.55319,nga
1999,34.3856,nic
2000,35.66299,nic
2001,36.71573,nic
2002,35.20899,nic
2003,34.47031,nic
2004,35.01829,nic
2005,33.55782,nic
2006,33.2727,nic
2007,30.55547,nic
2008,29.19228,nic
2010,30.21638,nic
1999,15.76471,niu
2000,14.70588,niu
2001,18,niu
2002,14.76471,niu
2004,11.5,niu
2014,13.46667,niu
2011,11.55832,nld
2012,11.50226,nld
2013,11.65611,nld
2014,11.66686,nld
2013,8.95778,nor
2014,8.85048,nor
1999,39.04814,npl
2000,38.03822,npl
2001,37.01662,npl
2002,39.86818,npl
2003,35.65923,npl
2004,35.82852,npl
2005,39.71153,npl
2007,40.01754,npl
2008,37.81655,npl
2009,33.30905,npl
2010,31.91867,npl
2011,29.61413,npl
2012,27.5331,npl
2013,25.63485,npl
2014,23.93286,npl
2015,23.09923,npl
2000,21.47297,nru
2001,25.28125,nru
2002,25.67213,nru
2003,21.8254,nru
2004,26.36207,nru
2005,27.87692,nru
2006,26.78846,nru
2007,19.91935,nru
2008,22.39286,nru
2014,39.45,nru
1999,18.26947,nzl
2000,18.44818,nzl
2001,17.45542,nzl
2002,17.40515,nzl
2003,17.775,nzl
2004,16.37427,nzl
2005,16.27439,nzl
2006,15.88598,nzl
2007,15.68405,nzl
2008,15.3172,nzl
2009,14.60815,nzl
2010,14.4885,nzl
2011,14.55048,nzl
2012,14.58702,nzl
2014,14.36696,nzl
1999,25.40512,omn
2000,25.08144,omn
2001,23.65903,omn
2002,21.49871,omn
2003,19.90897,omn
2000,32.99996,pak
2001,34.7419,pak
2002,35.00461,pak
2003,34.82196,pak
2004,37.4976,pak
2005,38.33941,pak
2006,39.00535,pak
2007,39.95136,pak
2008,40.66857,pak
2009,39.68783,pak
2010,40.45158,pak
2011,39.83264,pak
2012,41.35274,pak
2013,42.54875,pak
2014,46.52317,pak
1999,26.08202,pan
2000,24.73639,pan
2001,24.3295,pan
2002,24.27752,pan
2004,24.03741,pan
2005,24.23255,pan
2006,24.5048,pan
2007,24.53809,pan
2008,24.23802,pan
2009,23.62485,pan
2010,23.45812,pan
2011,23.0112,pan
2012,22.60998,pan
2013,25.48506,pan
1999,28.75555,per
2000,28.74385,per
2001,29.28379,per
2002,25.08563,per
2003,23.96144,per
2004,23.30454,per
2005,23.02813,per
2006,21.88156,per
2007,21.79327,per
2008,20.87707,per
2009,20.15716,per
2010,19.68166,per
2011,19.5637,per
2012,19.18832,per
2013,18.08394,per
2014,17.66104,per
1999,34.69483,phl
2000,35.31923,phl
2001,35.20686,phl
2002,35.38941,phl
2003,34.92513,phl
2004,34.53153,phl
2005,35.07377,phl
2006,34.59417,phl
2007,33.66837,phl
2008,33.7418,phl
2009,31.43572,phl
2013,31.35082,phl
1999,14.9685,plw
2000,15.66129,plw
2000,35.43594,png
2001,36.195,png
2001,11.14185,pol
2003,12.65283,pol
2005,11.54338,pol
2006,11.23454,pol
2007,10.63653,pol
2008,9.94155,pol
2009,9.61028,pol
2010,9.31659,pol
2011,10.15536,pol
2012,10.18568,pol
2013,10.22951,pol
2009,11.65987,pri
2010,11.65964,pri
2011,12.05113,pri
2012,14.06949,pri
2013,12.89212,pri
2009,21.99997,prk
2000,13.23902,prt
2001,12.94736,prt
2002,11.06542,prt
2003,11.11103,prt
2004,11.57131,prt
2005,10.52502,prt
2006,10.60093,prt
2007,11.72552,prt
2008,11.26325,prt
2009,11.24954,prt
2010,10.82935,prt
2011,11.10043,prt
2012,11.73422,prt
2013,12.78162,prt
2014,13.40675,prt
2002,26.9585,pry
2003,27.84307,pry
2004,27.84345,pry
2012,24.15974,pry
1999,37.76489,pse
2000,36.05452,pse
2001,37.99429,pse
2002,30.2193,pse
2003,33.38646,pse
2004,27.6851,pse
2005,24.51948,pse
2006,32.3483,pse
2007,30.07834,pse
2008,29.00439,pse
2009,27.95734,pse
2010,27.80112,pse
2011,25.64319,pse
2012,24.40835,pse
2013,23.5944,pse
2014,23.76348,pse
1999,13.12156,qat
2001,12.59121,qat
2002,12.35435,qat
2003,11.69476,qat
2005,11.11321,qat
2006,10.68339,qat
2007,11.11044,qat
2008,12.50368,qat
2009,11.22017,qat
2010,12.03187,qat
2011,11.27954,qat
2012,9.59909,qat
2013,10.0029,qat
2014,11.20958,qat
1999,18.71259,rou
2000,18.5625,rou
2001,18.07554,rou
2002,17.44205,rou
2003,17.49461,rou
2004,17.47659,rou
2005,16.9932,rou
2006,16.80541,rou
2007,16.54133,rou
2008,15.86022,rou
2009,15.8262,rou
2010,16.1126,rou
2011,17.36674,rou
2012,17.56015,rou
1999,18.37728,rus
2000,17.58649,rus
2001,16.99631,rus
2002,16.95644,rus
2003,16.63307,rus
2005,16.74517,rus
2006,17.14697,rus
2007,17.12104,rus
2008,17.44699,rus
2009,18.06296,rus
2012,19.59062,rus
2014,19.80802,rus
1999,54.30548,rwa
2000,54.02683,rwa
2001,51.41724,rwa
2002,58.96519,rwa
2003,59.90567,rwa
2004,62.02973,rwa
2005,68.95194,rwa
2006,65.93305,rwa
2007,69.28601,rwa
2008,67.73053,rwa
2009,68.29941,rwa
2010,64.61867,rwa
2011,58.09439,rwa
2012,59.27851,rwa
2013,59.81633,rwa
2014,58.24871,rwa
2005,11.33458,sau
2007,11.22689,sau
2008,10.75323,sau
2009,11.43193,sau
2010,11.15436,sau
2011,11.01062,sau
2012,10.88712,sau
2013,10.5435,sau
2014,10.75887,sau
2013,25.33479,sdn
1999,48.60013,sen
2000,50.91758,sen
2001,50.83597,sen
2002,48.89238,sen
2003,46.04819,sen
2004,43.20416,sen
2005,41.67137,sen
2006,38.531,sen
2007,34.20976,sen
2008,36.43514,sen
2009,34.65629,sen
2010,33.65179,sen
2011,32.93963,sen
2012,31.68179,sen
2014,31.58513,sen
2007,20.42332,sgp
2008,19.30461,sgp
2009,17.43929,sgp
1999,19.24884,slb
2010,19.91627,slb
2011,19.52728,slb
2012,19.13812,slb
2013,20.59775,slb
2014,20.31899,slb
2001,37.2644,sle
2011,31.33123,sle
2012,32.99373,sle
2013,34.83163,sle
2003,45.50168,slv
2004,46.16032,slv
2005,43.23934,slv
2006,40.09995,slv
2007,39.67234,slv
2008,32.61124,slv
2009,31.00441,slv
2011,29.28568,slv
2013,24.47664,slv
2000,5.36052,smr
2004,6.33772,smr
2008,6.34274,smr
2009,6.22222,smr
2010,6.46311,smr
2011,6.40574,smr
2012,6.27092,smr
2007,35.51919,som
2007,17.04045,srb
2008,16.58853,srb
2009,16.18402,srb
2010,16.35445,srb
2011,15.48102,srb
2012,15.63411,srb
2013,15.15704,srb
2014,15.7097,srb
2011,49.89984,ssd
1999,36.01364,stp
2002,32.66742,stp
2004,32.06028,stp
2005,30.77576,stp
2009,26.17273,stp
2011,29.79713,stp
2012,28.65004,stp
2013,31.37579,stp
2014,32.72581,stp
2015,38.77644,stp
2001,19.93606,sur
2002,19.45397,sur
2005,18.61562,sur
2006,15.9867,sur
2007,13.23428,sur
2008,15.98622,sur
2009,15.38398,sur
2011,15.24505,sur
2013,13.29948,sur
2014,13.82506,sur
1999,18.76821,svk
2000,17.57749,svk
2001,19.70391,svk
2002,19.11084,svk
2003,18.39264,svk
2004,17.67725,svk
2005,17.50733,svk
2006,17.20096,svk
2007,15.34656,svk
2008,16.61387,svk
2009,15.71918,svk
2010,15.24042,svk
2011,15.07841,svk
2012,14.94005,svk
2013,15.04676,svk
2014,15.23635,svk
1999,14.12375,svn
2001,12.99654,svn
2002,12.4976,svn
2003,12.65035,svn
2004,15.09636,svn
2005,15.13255,svn
2006,15.18873,svn
2007,17.64818,svn
2008,17.44067,svn
2009,17.15585,svn
2010,17.01688,svn
2011,16.7077,svn
2012,16.78039,svn
2013,16.8859,svn
1999,12.3228,swe
2000,11.83778,swe
2001,11.40012,swe
2002,11.46596,swe
2003,11.18875,swe
2004,10.10989,swe
2005,10.05038,swe
2006,9.96625,swe
2007,9.8046,swe
2008,9.55123,swe
2009,9.34009,swe
2010,9.53888,swe
2011,9.2663,swe
2012,9.64567,swe
1999,33.15813,swz
2000,31.27536,swz
2001,32.87289,swz
2002,31.07433,swz
2003,31.20419,swz
2004,32.31015,swz
2005,32.87287,swz
2006,33.25891,swz
2007,32.44134,swz
2009,31.64829,swz
2010,32.3244,swz
2011,30.4911,swz
2012,29.05959,swz
2013,28.09674,swz
2012,11.27358,sxm
2014,10.78299,sxm
1999,14.56158,syc
2000,14.65643,syc
2001,13.73876,syc
2002,13.886,syc
2003,14.04,syc
2004,13.51442,syc
2005,13.71684,syc
2007,12.46695,syc
2008,13.05075,syc
2009,13.82051,syc
2010,12.54703,syc
2011,13.25457,syc
2012,12.55556,syc
2013,13.13464,syc
2014,12.55271,syc
1999,24.92838,syr
2000,24.77985,syr
2001,24.11964,syr
2002,25.32848,syr
1999,18.40404,tca
2001,17.69106,tca
2002,17.95798,tca
2003,15.21008,tca
2014,9.28772,tca
2015,8.82534,tca
1999,67.88426,tcd
2000,68.62067,tcd
2001,71.22252,tcd
2002,67.9511,tcd
2003,72.11578,tcd
2004,68.7188,tcd
2005,63.15438,tcd
2006,62.72308,tcd
2007,60.37925,tcd
2008,62.40153,tcd
2009,61.01961,tcd
2010,62.20393,tcd
2011,62.59056,tcd
2012,61.26763,tcd
2013,62.42763,tcd
1999,41.28126,tgo
2000,37.45983,tgo
2001,34.33866,tgo
2002,35.20108,tgo
2003,35.45168,tgo
2004,39.08429,tgo
2005,33.59536,tgo
2006,37.56283,tgo
2007,39.13792,tgo
2008,41.32555,tgo
2009,43.50925,tgo
2010,40.57306,tgo
2011,40.94767,tgo
2012,41.67781,tgo
2013,41.08672,tgo
2014,41.13664,tgo
1999,20.56669,tha
2000,20.79357,tha
2001,19.08866,tha
2002,18.56249,tha
2006,18.26577,tha
2007,17.71738,tha
2008,15.99218,tha
2010,16.2581,tha
2011,15.78457,tha
2012,16.28069,tha
2014,15.3927,tha
1999,21.98287,tjk
2000,21.84551,tjk
2001,21.7869,tjk
2002,21.78474,tjk
2003,22.3594,tjk
2004,21.51849,tjk
2005,21.32679,tjk
2006,22.17816,tjk
2007,21.60943,tjk
2008,22.67432,tjk
2009,23.24594,tjk
2010,25.18145,tjk
2011,23.27456,tjk
2012,23.00472,tjk
2013,22.69386,tjk
2014,22.3589,tjk
2015,22.28986,tjk
2000,9.88,tkl
2001,12.66667,tkl
2002,12.66667,tkl
2003,5.82051,tkl
2001,61.9124,tls
2002,47.17944,tls
2003,46.8161,tls
2004,50.71393,tls
2009,29.77684,tls
2010,30.19877,tls
2011,31.35481,tls
1999,20.90037,ton
2000,22.14456,ton
2001,20.69623,ton
2002,22.12807,ton
2003,21.71238,ton
2004,20.30012,ton
2005,20.30036,ton
2006,22.29079,ton
2007,25.4015,ton
2008,25.06316,ton
2009,24.58676,ton
2010,24.88626,ton
2011,24.12606,ton
2012,21.10539,ton
2013,25.74776,ton
2014,21.85806,ton
1999,21.32821,tto
2000,20.75006,tto
2001,19.75159,tto
2002,19.6154,tto
2003,18.50138,tto
2004,17.51665,tto
2005,16.54586,tto
2007,15.93954,tto
2008,17.15784,tto
2009,17.57943,tto
1999,23.86149,tun
2000,23.21045,tun
2001,22.69378,tun
2002,21.89225,tun
2003,21.53775,tun
2004,20.60639,tun
2005,19.98753,tun
2006,19.14138,tun
2007,18.15286,tun
2008,17.28071,tun
2009,16.97824,tun
2010,17.11543,tun
2011,17.35205,tun
2012,17.14983,tun
2013,17.43043,tun
2014,16.5447,tun
2012,20.13204,tur
2013,19.83354,tur
1999,18.88889,tuv
2000,19.7013,tuv
2001,18.29487,tuv
2002,16.66234,tuv
2003,17.92,tuv
2004,19.23288,tuv
1999,40.28437,tza
2001,45.99111,tza
2002,52.99786,tza
2003,56.89936,tza
2004,58.27379,tza
2005,55.85542,tza
2006,52.40834,tza
2007,53.08766,tza
2008,52.3892,tza
2009,53.70457,tza
2010,50.76274,tza
2012,45.56776,tza
2013,43.44315,tza
1999,57.3049,uga
2000,59.42965,uga
2001,54.32167,uga
2002,52.72399,uga
2003,52.38955,uga
2004,50.08651,uga
2005,49.87764,uga
2006,49.04733,uga
2007,49.56387,uga
2008,49.92589,uga
2009,49.28122,uga
2010,48.576,uga
2011,47.77601,uga
2013,45.59109,uga
1999,20.48241,ukr
2000,19.88406,ukr
2001,19.58976,ukr
2002,19.46268,ukr
2003,19.11184,ukr
2004,18.59754,ukr
2005,18.70376,ukr
2006,17.12453,ukr
2007,16.33813,ukr
2008,15.81651,ukr
2009,15.58278,ukr
2010,15.65789,ukr
2011,15.83346,ukr
2012,16.08657,ukr
2013,16.48785,ukr
2014,16.89406,ukr
1999,20.43957,ury
2000,20.75667,ury
2001,20.77524,ury
2002,21.1696,ury
2003,20.82538,ury
2004,20.53409,ury
2005,20.15194,ury
2006,19.64452,ury
2007,15.50977,ury
2008,15.00998,ury
2009,13.98624,ury
2010,13.79403,ury
1999,15.41492,usa
2000,15.00811,usa
2001,15.44419,usa
2002,14.82712,usa
2003,14.81356,usa
2004,14.21109,usa
2005,14.12972,usa
2006,13.80787,usa
2007,13.79556,usa
2008,13.68908,usa
2009,13.87215,usa
2010,13.59084,usa
2011,14.28522,usa
2012,14.42216,usa
2013,14.45367,usa
2014,14.53749,usa
1999,20.90977,uzb
2000,21.44349,uzb
2001,21.71928,uzb
2002,21.29445,uzb
2003,21.09375,uzb
2004,20.14552,uzb
2005,19.94866,uzb
2006,19.38332,uzb
2007,18.24208,uzb
2008,17.60546,uzb
2009,17.11574,uzb
2010,17.76213,uzb
2011,15.6244,uzb
1999,19.75896,vct
2000,18.58818,vct
2001,18.9761,vct
2002,17.28313,vct
2003,17.55796,vct
2004,17.22593,vct
2007,17.07181,vct
2008,16.95633,vct
2009,16.96132,vct
2010,16.27396,vct
2012,15.748,vct
2013,15.29101,vct
2014,15.68575,vct
1999,18.01961,vgb
2000,16.96951,vgb
2001,16.61677,vgb
2002,16.73214,vgb
2003,13.83085,vgb
2004,13.91133,vgb
2005,14.93814,vgb
2006,15.06701,vgb
2007,14.15814,vgb
2009,13.48276,vgb
2010,13.22727,vgb
2011,11.93156,vgb
2014,11.74552,vgb
1999,30.43485,vnm
2000,29.52151,vnm
2001,28.03482,vnm
2002,26.32905,vnm
2003,24.65381,vnm
2004,23.02694,vnm
2005,21.55565,vnm
2006,20.6947,vnm
2007,20.43643,vnm
2008,19.92674,vnm
2009,19.5222,vnm
2010,19.90175,vnm
2011,19.63155,vnm
2012,19.39912,vnm
2013,18.88349,vnm
2014,19.21383,vnm
1999,24.16115,vut
2000,22.54994,vut
2001,23.73585,vut
2002,23.21561,vut
2003,21.71334,vut
2004,20.01027,vut
2007,23.7544,vut
2010,21.66442,vut
2013,22.82076,vut
1999,24.00792,wsm
2000,24.01542,wsm
2001,25.04545,wsm
2002,27.23461,wsm
2007,32.81848,wsm
2009,31.69124,wsm
2010,30.23604,wsm
2001,23.99951,xdn
2002,28.72059,xdn
2003,28.14741,xdn
2004,29.58571,xdn
2005,28.98553,xdn
2006,34.2773,xdn
2007,36.68303,xdn
2008,36.68297,xdn
2009,38.37542,xdn
1999,22.36997,yem
2010,30.81078,yem
2011,30.25279,yem
2012,30.25279,yem
1999,35.93639,zaf
2000,34.90296,zaf
2001,38.89617,zaf
2002,35.28227,zaf
2003,35.37191,zaf
2004,35.54274,zaf
2005,31.39262,zaf
2006,33.04696,zaf
2007,33.19107,zaf
2008,32.71282,zaf
2009,33.57812,zaf
2010,32.68972,zaf
2011,32.59666,zaf
2012,32.93793,zaf
2013,32.02921,zaf
2014,32.32933,zaf
1999,51.22681,zmb
2000,49.87587,zmb
2001,48.02502,zmb
2002,48.08873,zmb
2004,53.54891,zmb
2005,56.47904,zmb
2006,57.00626,zmb
2007,55.35345,zmb
2008,54.17641,zmb
2010,52.98507,zmb
2011,55.86195,zmb
2012,49.22433,zmb
2013,47.94526,zmb
1999,41.02384,zwe
2000,37.03596,zwe
2001,38.10062,zwe
2002,39.41662,zwe
2003,38.55591,zwe
2012,35.86109,zwe
2013,36.4082,zwe
