location,time,esl_1_cp
19700,1999,891921
19700,2000,830172
19700,2001,726132
19700,2002,705487
19700,2003,699296
19700,2004,685637
19700,2005,684404
19700,2006,700912
19700,2007,717759
19700,2008,766569
19700,2009,734743
19700,2010,726135
19700,2011,712441
19700,2012,714175
19700,2013,700229
19700,2014,749845
19710,1999,33233185
19710,2000,31940565
19710,2001,31477762
19710,2002,29260173
19710,2003,31758838
19710,2004,33283358
19710,2005,34511812
19710,2006,35261817
19710,2007,35452223
19710,2008,35326667
19710,2009,32389477
19710,2010,33302484
19710,2011,33665264
19710,2012,34012494
19710,2013,36148695
19710,2014,36881939
40030,1999,27301481
40030,2000,25944441
40030,2001,25461929
40030,2002,23082037
40030,2003,25176687
40030,2004,26195983
40030,2005,27189132
40030,2006,27741728
40030,2007,27751726
40030,2008,26538830
40030,2009,23160549
40030,2010,23388908
40030,2011,23229321
40030,2012,23689354
40030,2013,24962763
40030,2014,25396683
40041,1999,1246267
40041,2000,1097311
40041,2001,1001840
40041,2002,982662
40041,2003,1073306
40041,2004,896764
40041,2005,939831
40041,2006,881350
40041,2007,853646
40041,2008,953538
40041,2009,876415
40041,2010,854143
40041,2011,826266
40041,2012,794939
40041,2013,781144
40041,2014,879036
40042,1999,20224688
40042,2000,19950978
40042,2001,20614336
40042,2002,19290179
40042,2003,20464254
40042,2004,20660263
40042,2005,20994178
40042,2006,21028961
40042,2007,22048845
40042,2008,21853808
40042,2009,19111835
40042,2010,19288568
40042,2011,19176019
40042,2012,18450590
40042,2013,18582546
40042,2014,17967617
40043,1999,7076793
40043,2000,5993462
40043,2001,4847593
40043,2002,3791858
40043,2003,4712433
40043,2004,5535720
40043,2005,6194954
40043,2006,6712767
40043,2007,5702882
40043,2008,4685023
40043,2009,4048715
40043,2010,4100340
40043,2011,4053302
40043,2012,5238763
40043,2013,6380217
40043,2014,7429067
40044,1999,5576823
40044,2000,5728564
40044,2001,5739736
40044,2002,5900602
40044,2003,6207853
40044,2004,6875979
40044,2005,7066996
40044,2006,7339405
40044,2007,7564380
40044,2008,8600652
40044,2009,9087048
40044,2010,9785366
40044,2011,10321918
40044,2012,10242191
40044,2013,11104836
40044,2014,11355853
40061,1999,601521
40061,2000,555426
40061,2001,522838
40061,2002,518271
40061,2003,518221
40061,2004,503162
40061,2005,498402
40061,2006,506349
40061,2007,522621
40061,2008,571770
40061,2009,553592
40061,2010,561005
40061,2011,530645
40061,2012,532510
40061,2013,537613
40061,2014,571288
40063,1999,68266
40063,2000,52362
40063,2001,69533
40063,2002,63837
40063,2003,53695
40063,2004,39489
40063,2005,35999
40063,2006,25424
40063,2007,21826
40063,2008,24597
40063,2009,30373
40063,2010,23247
40063,2011,31818
40063,2012,33471
40063,2013,29145
40063,2014,34147
40070,1999,34111756
40070,2000,32757526
40070,2001,32191248
40070,2002,29953283
40070,2003,32446432
40070,2004,33957698
40070,2005,35184837
40070,2006,35951531
40070,2007,36158898
40070,2008,36083181
40070,2009,33114941
40070,2010,34019815
40070,2011,34369429
40070,2012,34718352
40070,2013,36841184
40070,2014,37624072
40313,1999,6680124
40313,2000,5474837
40313,2001,4278728
40313,2002,3402688
40313,2003,4258357
40313,2004,4886663
40313,2005,5620666
40313,2006,6297871
40313,2007,5440574
40313,2008,4378123
40313,2009,3478904
40313,2010,3337423
40313,2011,3423729
40313,2012,4275524
40313,2013,5649105
40313,2014,6951388
40314,1999,3169603
40314,2000,3026071
40314,2001,3065428
40314,2002,2658962
40314,2003,2695985
40314,2004,2622406
40314,2005,2581513
40314,2006,2387994
40314,2007,2246163
40314,2008,2210199
40314,2009,1936180
40314,2010,1870626
40314,2011,1732108
40314,2012,1726351
40314,2013,1812511
40314,2014,1652823
40322,1999,1207934
40322,2000,1164462
40322,2001,1165277
40322,2002,1244787
40322,2003,1225886
40322,2004,1260365
40322,2005,1399664
40322,2006,1429927
40322,2007,1367094
40322,2008,1340321
40322,2009,1296245
40322,2010,1196749
40322,2011,1157292
40322,2012,1190378
40322,2013,1176272
40322,2014,1249723
40326,1999,250567
40326,2000,219540
40326,2001,164598
40326,2002,157790
40326,2003,154468
40326,2004,163858
40326,2005,144095
40326,2006,138674
40326,2007,151743
40326,2008,193994
40326,2009,201241
40326,2010,94284
40326,2011,162293
40326,2012,226779
40326,2013,258647
40326,2014,234139
40327,1999,3605978
40327,2000,2501341
40327,2001,1537715
40327,2002,782921
40327,2003,1662971
40327,2004,2353027
40327,2005,3100573
40327,2006,3736775
40327,2007,2815720
40327,2008,1759287
40327,2009,1274854
40327,2010,1416796
40327,2011,1332955
40327,2012,2363742
40327,2013,3321438
40327,2014,4522783
40336,1999,385161
40336,2000,311343
40336,2001,293006
40336,2002,323769
40336,2003,291900
40336,2004,292861
40336,2005,357743
40336,2006,366906
40336,2007,341710
40336,2008,323275
40336,2009,293668
40336,2010,202297
40336,2011,165349
40336,2012,188638
40336,2013,147417
40336,2014,189579
40345,1999,15042348
40345,2000,14803418
40345,2001,15445182
40345,2002,14509133
40345,2003,15552837
40345,2004,15715713
40345,2005,15870149
40345,2006,16068356
40345,2007,15740070
40345,2008,15655965
40345,2009,14613536
40345,2010,15240648
40345,2011,14879861
40345,2012,14373450
40345,2013,14110442
40345,2014,13308478
40346,1999,15042348
40346,2000,14803418
40346,2001,15445182
40346,2002,14509133
40346,2003,15552837
40346,2004,15715713
40346,2005,15870149
40346,2006,16068356
40346,2007,15740070
40346,2008,15655965
40346,2009,14613536
40346,2010,15240648
40346,2011,14879861
40346,2012,14373450
40346,2013,14110442
40346,2014,13308478
40347,1999,2908540
40347,2000,2800202
40347,2001,2590772
40347,2002,2482354
40347,2003,2470149
40347,2004,2414663
40347,2005,2397878
40347,2006,2441324
40347,2007,2512154
40347,2008,2506262
40347,2009,2087809
40347,2010,1802311
40347,2011,1969625
40347,2012,1786884
40347,2013,2207955
40347,2014,2308859
40350,1999,7091394
40350,2000,7461410
40350,2001,7479664
40350,2002,7397816
40350,2003,7986983
40350,2004,8766042
40350,2005,9034349
40350,2006,9096936
40350,2007,10668807
40350,2008,11708211
40350,2009,11004870
40350,2010,11695833
40350,2011,12451683
40350,2012,12359889
40350,2013,13267447
40350,2014,13622087
40354,1999,729372
40354,2000,752197
40354,2001,766710
40354,2002,796393
40354,2003,807123
40354,2004,836623
40354,2005,877686
40354,2006,860359
40354,2007,833060
40354,2008,861773
40354,2009,900396
40354,2010,803383
40354,2011,856221
40354,2012,935033
40354,2013,995113
40354,2014,981195
40355,1999,34125106
40355,2000,32770737
40355,2001,32203894
40355,2002,29965660
40355,2003,32458133
40355,2004,33968994
40355,2005,35196216
40355,2006,35962730
40355,2007,36169983
40355,2008,36093236
40355,2009,33124220
40355,2010,34028619
40355,2011,34377705
40355,2012,34726669
40355,2013,36848924
40355,2014,37631784
40358,1999,75809
40358,2000,67428
40358,2001,55405
40358,2002,52070
40358,2003,41605
40358,2004,39526
40358,2005,40671
40358,2006,40529
40358,2007,40776
40358,2008,40847
40358,2009,41501
40358,2010,42085
40358,2011,41776
40358,2012,43738
40358,2013,42244
40358,2014,43362
40359,1999,7244670
40359,2000,7622637
40359,2001,7649236
40359,2002,7585891
40359,2003,8176611
40359,2004,8963912
40359,2005,9243965
40359,2006,9328593
40359,2007,10895313
40359,2008,11940340
40359,2009,11208055
40359,2010,11897307
40359,2011,12652005
40359,2012,12557830
40359,2013,13479804
40359,2014,13839199
40360,1999,3181740
40360,2000,3038186
40360,2001,3077096
40360,2002,2670499
40360,2003,2707073
40360,2004,2633116
40360,2005,2592280
40360,2006,2398619
40360,2007,2256704
40360,2008,2219786
40360,2009,1945036
40360,2010,1878975
40360,2011,1739895
40360,2012,1733964
40360,2013,1819509
40360,2014,1659425
40365,1999,59567
40365,2000,43813
40365,2001,62638
40365,2002,57143
40365,2003,48568
40365,2004,33917
40365,2005,30867
40365,2006,20356
40365,2007,16715
40365,2008,19131
40365,2009,24623
40365,2010,18681
40365,2011,27577
40365,2012,29215
40365,2013,24773
40365,2014,29058
40366,1999,34125106
40366,2000,32770737
40366,2001,32203894
40366,2002,29965660
40366,2003,32458133
40366,2004,33968994
40366,2005,35196216
40366,2006,35962730
40366,2007,36169983
40366,2008,36093236
40366,2009,33124220
40366,2010,34028619
40366,2011,34377705
40366,2012,34726669
40366,2013,36848924
40366,2014,37631784
40368,1999,7629831
40368,2000,7933980
40368,2001,7942242
40368,2002,7909660
40368,2003,8468511
40368,2004,9256773
40368,2005,9601708
40368,2006,9695499
40368,2007,11237024
40368,2008,12263615
40368,2009,11501723
40368,2010,12099604
40368,2011,12817354
40368,2012,12746468
40368,2013,13627220
40368,2014,14028779
40369,1999,1653007
40369,2000,1579200
40369,2001,1556666
40369,2002,1452361
40369,2003,1417703
40369,2004,1416136
40369,2005,1391329
40369,2006,1377903
40369,2007,1428249
40369,2008,1421438
40369,2009,1290598
40369,2010,1267769
40369,2011,1223290
40369,2012,1217857
40369,2013,1212852
40369,2014,1205710
40370,1999,1889200
40370,2000,1796986
40370,2001,1840016
40370,2002,1536865
40370,2003,1610186
40370,2004,1534024
40370,2005,1521390
40370,2006,1340984
40370,2007,1158822
40370,2008,1159274
40370,2009,1006515
40370,2010,956626
40370,2011,846946
40370,2012,842605
40370,2013,932521
40370,2014,800968
40371,1999,22347593
40371,2000,20902767
40371,2001,20404842
40371,2002,18629559
40371,2003,20543557
40371,2004,21355936
40371,2005,22278931
40371,2006,23129286
40371,2007,21919782
40371,2008,20804593
40371,2009,18903292
40371,2010,19284354
40371,2011,19068975
40371,2012,19492111
40371,2013,20663612
40371,2014,21154060
40372,1999,430460
40372,2000,375336
40372,2001,302926
40372,2002,292889
40372,2003,287967
40372,2004,281524
40372,2005,275851
40372,2006,294807
40372,2007,308281
40372,2008,326274
40372,2009,300063
40372,2010,297691
40372,2011,296241
40372,2012,299756
40372,2013,289813
40372,2014,318287
40373,1999,175015
40373,2000,182467
40373,2001,157202
40373,2002,144326
40373,2003,130210
40373,2004,124601
40373,2005,127006
40373,2006,124250
40373,2007,117825
40373,2008,118043
40373,2009,122030
40373,2010,122575
40373,2011,124898
40373,2012,127871
40373,2013,122906
40373,2014,123980
40387,1999,217688
40387,2000,166803
40387,2001,129373
40387,2002,118491
40387,2003,112472
40387,2004,104999
40387,2005,104188
40387,2006,100971
40387,2007,99445
40387,2008,102234
40387,2009,93352
40387,2010,86810
40387,2011,100722
40387,2012,98636
40387,2013,78255
40387,2014,99616
40388,1999,732233
40388,2000,705579
40388,2001,658205
40388,2002,642867
40388,2003,634032
40388,2004,612902
40388,2005,610035
40388,2006,619083
40388,2007,633217
40388,2008,681467
40388,2009,664053
40388,2010,655943
40388,2011,637246
40388,2012,642658
40388,2013,644493
40388,2014,677289
40389,1999,33161835
40389,2000,31885144
40389,2001,31403670
40389,2002,29191925
40389,2003,31699927
40389,2004,33239797
40389,2005,34470614
40389,2006,35231477
40389,2007,35426235
40389,2008,35299481
40389,2009,32357536
40389,2010,33277062
40389,2011,33631461
40389,2012,33977058
40389,2013,36118436
40389,2014,36847167
40500,1999,601607
40500,2000,555511
40500,2001,522923
40500,2002,518357
40500,2003,518307
40500,2004,503231
40500,2005,498469
40500,2006,506417
40500,2007,522699
40500,2008,571856
40500,2009,553669
40500,2010,561093
40500,2011,530736
40500,2012,532604
40500,2013,537703
40500,2014,571369
40505,1999,68266
40505,2000,52362
40505,2001,69533
40505,2002,63837
40505,2003,53695
40505,2004,39489
40505,2005,35999
40505,2006,25424
40505,2007,21826
40505,2008,24597
40505,2009,30373
40505,2010,23247
40505,2011,31818
40505,2012,33471
40505,2013,29145
40505,2014,34147
40510,1999,34125106
40510,2000,32770737
40510,2001,32203894
40510,2002,29965660
40510,2003,32458133
40510,2004,33968994
40510,2005,35196216
40510,2006,35962730
40510,2007,36169983
40510,2008,36093236
40510,2009,33124220
40510,2010,34028619
40510,2011,34377705
40510,2012,34726669
40510,2013,36848924
40510,2014,37631784
40515,1999,6681141
40515,2000,5475740
40515,2001,4279513
40515,2002,3403337
40515,2003,4258838
40515,2004,4887127
40515,2005,5621121
40515,2006,6298252
40515,2007,5440917
40515,2008,4378386
40515,2009,3479132
40515,2010,3337676
40515,2011,3424014
40515,2012,4276026
40515,2013,5649653
40515,2014,6952304
40520,1999,3181851
40520,2000,3038294
40520,2001,3077204
40520,2002,2670605
40520,2003,2707120
40520,2004,2633169
40520,2005,2592370
40520,2006,2398744
40520,2007,2256827
40520,2008,2219906
40520,2009,1945153
40520,2010,1879089
40520,2011,1740009
40520,2012,1734072
40520,2013,1819614
40520,2014,1659538
40525,1999,1207934
40525,2000,1164462
40525,2001,1165277
40525,2002,1244787
40525,2003,1225886
40525,2004,1260365
40525,2005,1399664
40525,2006,1429927
40525,2007,1367094
40525,2008,1340321
40525,2009,1296245
40525,2010,1196749
40525,2011,1157292
40525,2012,1190378
40525,2013,1176272
40525,2014,1249723
40530,1999,250567
40530,2000,219540
40530,2001,164598
40530,2002,157790
40530,2003,154468
40530,2004,163858
40530,2005,144095
40530,2006,138674
40530,2007,151743
40530,2008,193994
40530,2009,201241
40530,2010,94284
40530,2011,162293
40530,2012,226779
40530,2013,258647
40530,2014,234139
40535,1999,15042348
40535,2000,14803418
40535,2001,15445182
40535,2002,14509133
40535,2003,15552837
40535,2004,15715713
40535,2005,15870149
40535,2006,16068356
40535,2007,15740070
40535,2008,15655965
40535,2009,14613536
40535,2010,15240648
40535,2011,14879861
40535,2012,14373450
40535,2013,14110442
40535,2014,13308478
40540,1999,7091394
40540,2000,7461410
40540,2001,7479664
40540,2002,7397816
40540,2003,7986983
40540,2004,8766042
40540,2005,9034349
40540,2006,9096936
40540,2007,10668807
40540,2008,11708211
40540,2009,11004870
40540,2010,11695833
40540,2011,12451683
40540,2012,12359889
40540,2013,13267447
40540,2014,13622087
abw,2000,67.482
abw,2003,92.35775
abw,2004,86.80459
abw,2005,94.02696
abw,2006,82.89247
abw,2007,98.68304
abw,2008,199.31627
abw,2009,121.67327
abw,2010,96.33564
abw,2014,61.09403
ago,2009,704671.17214
ago,2010,700770.8439
aia,2009,30.52329
alb,2001,6765.5876
alb,2004,5682.77258
alb,2007,3017.57136
alb,2008,3173.57134
alb,2009,2461.73138
alb,2010,2005.9929
alb,2011,840.58713
alb,2012,467.49197
alb,2013,508.04348
alb,2014,471.45913
and,2014,199.28249
are,1999,1736.48252
are,2000,5042.00835
are,2001,3061.46453
are,2002,2968.02522
are,2004,3193.9962
are,2005,2688.22112
are,2006,1161.48783
are,2007,2010.9095
are,2011,11952.8844
are,2013,6697.26215
arg,1999,92772.22194
arg,2000,38173.82259
arg,2001,71479.45294
arg,2002,79111.12108
arg,2003,146505.54761
arg,2004,36965.13722
arg,2005,98034.94332
arg,2006,41318.36328
arg,2007,38312.69723
arg,2008,19125.88007
arg,2009,46879.63663
arg,2010,35452.28701
arg,2011,52168.4683
arg,2012,27554.58091
arg,2013,39701.05421
arm,2003,1874.88729
arm,2004,1512.58904
arm,2005,544.21912
arm,2006,596.68582
arm,2010,1083.53379
arm,2011,1467.24869
arm,2012,2076.90521
arm,2014,3620.26362
atg,2008,134.76826
aut,1999,2911.8365
aut,2003,2663.02743
aut,2004,2011.55409
aut,2005,2446.66369
aut,2006,1791.00481
aut,2007,2013.21099
aut,2008,2194.43899
aut,2009,1895.42324
aut,2010,2491.28013
aut,2011,463.04126
aut,2012,208.07565
aut,2013,305.65849
aut,2014,392.5332
aze,1999,4478.25571
aze,2000,5249.64501
aze,2001,6683.67724
aze,2002,5037.68185
aze,2003,4967.27637
aze,2004,3129.02982
aze,2005,2702.62847
aze,2006,3845.74414
aze,2007,1552.94296
aze,2008,869.55295
aze,2009,1895.33509
aze,2010,4313.88694
aze,2011,3351.11564
aze,2012,2276.68643
aze,2013,1613.06022
aze,2014,3773.6917
bdi,2001,69930.55926
bdi,2002,69033.71542
bdi,2003,61044.64673
bdi,2004,79663.45555
bdi,2005,69052.51005
bdi,2007,113552.69878
bdi,2008,116695.44846
bdi,2009,92657.8508
bdi,2010,142002.74986
bdi,2011,166962.3763
bdi,2012,192099.72486
bdi,2013,179019.25697
bdi,2014,177364.3122
bel,2006,7254.73579
bel,2007,7618.28105
bel,2008,14319.95908
bel,2009,7298.87249
bel,2010,3627.77757
bel,2013,3427.08569
bel,2014,9753.21549
ben,2001,52187.7137
ben,2002,71811.26067
ben,2003,94334.97678
ben,2004,88249.98943
ben,2010,179939.13878
ben,2011,176583.28149
ben,2012,178091.03319
ben,2013,208419.41207
ben,2014,216726.65919
bfa,1999,63127.48223
bfa,2000,62430.29768
bfa,2001,66565.03123
bfa,2002,76740.25355
bfa,2003,71192.54655
bfa,2004,83752.39125
bfa,2005,91778.08544
bfa,2006,108807.65363
bfa,2007,97084.68535
bfa,2008,120542.71602
bfa,2009,109002.11466
bfa,2010,156564.05312
bfa,2012,145951.46196
bfa,2013,154442.29446
bfa,2014,165288.60765
bgd,2009,1196283.2341
bgd,2010,1246414.48655
bgr,1999,8986.33986
bgr,2000,6299.51095
bgr,2001,4513.86173
bgr,2002,5804.24943
bgr,2003,4696.2203
bgr,2004,4584.14912
bgr,2005,4903.31331
bgr,2006,3325.95192
bgr,2007,4079.87004
bgr,2008,4283.18849
bgr,2009,3914.73738
bgr,2010,1662.4341
bgr,2011,2152.27711
bgr,2012,1992.87889
bgr,2013,2626.00311
bgr,2014,1457.37095
bhr,1999,989.45991
bhr,2000,1272.04532
bhr,2001,1010.79961
bhr,2002,241.79813
bhr,2004,177.74384
bhr,2005,244.51525
bhr,2010,201.76574
bhr,2011,362.88935
bhr,2012,367.3875
bhs,2006,1178.84106
bhs,2008,590.5068
bhs,2009,1075.58479
bhs,2010,565.11514
bih,2010,453.0137
bih,2011,6518.0878
bih,2012,5510.89516
bih,2013,5487.58758
bih,2014,4316.10625
blr,1999,10877.11631
blr,2000,971.69666
blr,2001,1249.16674
blr,2002,3855.53744
blr,2003,1415.80238
blr,2004,3671.02854
blr,2005,790.29379
blr,2006,707.20055
blr,2007,757.78208
blr,2008,1825.33184
blr,2009,438.93641
blr,2010,278.71425
blr,2011,1583.73572
blr,2012,834.88565
blr,2013,1239.48377
blr,2014,1680.37996
blz,2000,2135.46471
blz,2001,1167.41134
blz,2006,816.03088
blz,2007,1399.79486
blz,2008,831.85694
blz,2009,425.94312
blz,2010,797.24408
blz,2011,728.12467
blz,2013,720.88512
blz,2014,421.32944
bmu,2002,105.16567
bmu,2003,46.50355
bmu,2004,53.0424
bmu,2005,89.98592
bmu,2006,124.95931
bol,1999,64286.42725
bol,2000,56072.09718
bol,2001,71237.03939
bol,2002,49863.20845
bol,2003,58405.4628
bol,2007,56756.18195
bol,2008,44087.06073
bol,2009,43274.44236
bol,2010,32157.77038
bol,2011,29080.3623
bol,2012,21832.46383
bol,2013,7115.28099
bra,2001,812398.85066
bra,2002,625524.45185
bra,2003,645715.30586
bra,2004,816182.94437
brb,2000,318.31713
brb,2002,235.39061
brb,2004,153.21322
brb,2005,113.17087
brb,2006,342.97909
brb,2008,329.37965
brb,2009,366.94446
brb,2011,233.60963
brn,1999,483.48327
brn,2004,213.65897
brn,2005,220.70517
brn,2006,270.29798
brn,2007,308.95721
brn,2008,274.70921
brn,2009,227.57549
brn,2010,268.62576
brn,2011,242.47498
brn,2012,250.3804
btn,1999,2926.22152
btn,2000,2435.1065
btn,2001,2396.34273
btn,2004,2348.74652
btn,2005,1963.07568
btn,2006,2447.90077
btn,2007,1918.39141
btn,2008,2252.01352
btn,2009,1702.45594
btn,2010,2165.1559
btn,2011,1316.17186
btn,2012,647.64434
btn,2013,2497.46742
bwa,1999,8908.98663
bwa,2000,9072.60878
bwa,2001,8138.86489
bwa,2002,8300.96752
bwa,2003,7835.16925
bwa,2004,7030.86692
bwa,2005,7980.56803
bwa,2006,6480.48648
bwa,2013,3034.39542
caf,2009,63079.67297
caf,2010,67689.92955
caf,2011,61986.08128
caf,2012,64137.80182
can,1999,10632.84808
can,2000,5751.036
chl,2011,4625.42401
chl,2012,2981.96195
chl,2014,1121.06243
civ,1999,60300.56912
civ,2000,116875.34286
civ,2001,39470.8815
civ,2007,88498.92963
civ,2009,160857.96155
civ,2012,91329.65294
civ,2013,140068.53654
civ,2014,160678.59232
cmr,2000,83606.99521
cmr,2007,234903.05299
cmr,2008,260019.6932
cmr,2009,204787.94908
cmr,2010,238955.69773
cmr,2011,311936.4748
cmr,2012,232846.73913
cod,2008,555548.50345
cod,2010,1025082.82458
cod,2011,1150165.93603
cod,2012,779188.00637
cod,2013,1315996.013
cog,2003,27220.32339
cog,2008,29463.0925
cok,1999,335.82239
cok,2013,70.5383
col,1999,463421.69033
col,2000,430059.51869
col,2001,477581.42376
col,2002,377602.58886
col,2005,220204.80509
col,2006,216429.59585
col,2007,161458.77547
col,2008,168929.85443
col,2010,150012.28664
col,2011,121972.64593
col,2012,146268.38882
col,2013,266999.97058
col,2014,150365.40109
com,1999,7804.00834
com,2004,6834.33387
cpv,2002,1381.49444
cpv,2003,2059.40502
cpv,2004,1432.54152
cpv,2005,1761.5044
cpv,2006,1384.3745
cpv,2007,1512.94252
cpv,2008,1485.27869
cpv,2009,1807.72457
cpv,2010,1504.32326
cpv,2011,1060.24749
cpv,2013,860.88875
cpv,2014,935.84775
cri,2000,9760.33668
cri,2001,7909.94052
cri,2002,9919.82252
cri,2005,13588.515
cri,2006,8224.47
cri,2007,13059.14404
cri,2008,4654.36698
cri,2009,4460.78329
cri,2010,8478.4272
cri,2011,6652.77963
cri,2012,8431.47416
cri,2013,8832.38048
cri,2014,7040.24785
cub,2000,7797.53269
cub,2001,5637.92424
cub,2002,4531.38549
cub,2003,4523.51786
cub,2004,5009.8928
cub,2005,4638.10669
cub,2006,4504.97335
cub,2007,4392.72784
cub,2008,5222.27768
cub,2009,6115.0156
cub,2010,5067.393
cub,2011,6078.29968
cub,2012,4096.35305
cub,2013,4517.1303
cub,2014,3842.21472
cym,2001,42.81031
cym,2005,142.4736
cyp,2000,545.05793
cyp,2001,124.99845
cyp,2003,202.4952
cyp,2004,129.77138
cyp,2005,171.60457
cyp,2006,122.63322
cyp,2007,103.215
cyp,2008,429.10411
cyp,2013,524.92308
cyp,2014,821.44698
cze,2000,2063.02164
cze,2001,1681.12657
cze,2002,1263.98695
cze,2003,2210.43753
cze,2004,1454.52368
cze,2005,1432.14966
cze,2006,576.96183
cze,2007,1628.68413
cze,2008,1070.05631
cze,2009,387.02743
cze,2010,1150.0148
cze,2011,791.38121
cze,2012,758.32263
cze,2013,817.93985
cze,2014,794.29707
deu,2000,7588.55721
deu,2001,8110.85196
deu,2002,9210.36109
deu,2003,12644.19313
deu,2004,8481.94558
deu,2005,9646.38986
deu,2006,16652.28867
deu,2007,20871.99827
deu,2008,32915.57578
deu,2010,27553.33018
deu,2011,24212.39233
deu,2012,27033.27874
deu,2013,24509.28616
dji,2013,3066.57018
dji,2014,1915.39807
dma,2001,327.71695
dma,2003,271.22544
dma,2004,204.08582
dma,2005,186.72155
dma,2006,184.91731
dma,2007,176.96721
dma,2008,130.11885
dma,2009,149.14178
dma,2010,137.15566
dma,2011,98.21615
dma,2012,138.60658
dma,2013,134.88359
dma,2014,161.70939
dnk,1999,124.49116
dnk,2000,85.68539
dnk,2001,60.82846
dnk,2005,5919.16201
dnk,2008,1604.58869
dnk,2009,354.64165
dnk,2010,727.61368
dnk,2013,1079.21129
dnk,2014,343.42707
dom,1999,88052.58097
dom,2000,77257.50648
dom,2004,101976.56779
dom,2010,56011.62809
dom,2012,42182.60567
dom,2013,17521.84146
dom,2014,44749.09659
dza,1999,59301.41928
dza,2000,61373.84349
dza,2001,33142.48707
dza,2002,45464.99038
dza,2003,35421.66072
dza,2004,41073.73227
dza,2005,40614.15351
dza,2006,51696.05379
dza,2007,46348.03939
dza,2008,42379.39019
dza,2010,32862.79
dza,2011,36191.57203
dza,2012,51406.43325
dza,2013,28584.24529
dza,2014,52484.90154
ecu,1999,94391.06827
ecu,2000,98652.97403
ecu,2001,95870.68765
ecu,2002,94255.5644
ecu,2003,109800.1194
ecu,2004,106390.27934
ecu,2005,92140.05465
ecu,2006,97395.96346
ecu,2007,78694.54004
ecu,2011,28476.16861
ecu,2012,30521.43547
ecu,2013,45249.17104
ecu,2014,38328.94834
egy,2000,13030.69032
egy,2001,15064.36504
egy,2002,76704.25958
egy,2003,60334.0335
egy,2004,22040.12464
egy,2005,107551.36498
egy,2006,114149.66614
egy,2007,103621.01029
egy,2010,68602.61531
eri,2000,4220.87609
eri,2001,26754.79164
eri,2002,13786.44322
eri,2003,10006.82559
eri,2004,13219.35002
eri,2005,14374.08031
eri,2006,16020.41514
eri,2007,21209.11389
eri,2008,13806.21245
eri,2009,15104.83986
eri,2010,18225.9906
eri,2013,17211.51413
esp,2006,2473.5591
esp,2009,2396.82969
esp,2010,22689.58682
esp,2011,10611.58337
esp,2012,13582.78882
esp,2014,17775.93379
est,1999,355.38685
est,2000,261.58013
est,2001,222.99975
est,2002,241.3104
est,2003,351.29788
est,2004,237.51644
est,2005,171.67864
est,2006,442.95976
est,2007,293.59954
est,2008,242.06423
est,2009,198.93999
est,2010,310.09867
est,2011,360.47735
est,2012,396.83914
est,2013,463.90091
eth,1999,857266.4377
eth,2000,783877.32069
eth,2001,656483.24326
eth,2002,745998.08064
eth,2003,843502.99878
eth,2004,1159694.96072
eth,2005,1181148.67727
eth,2006,1080293.29661
eth,2007,1357809.30371
eth,2008,2212800.9321
eth,2009,2132913.72796
eth,2010,2178738.5184
eth,2011,2352413.16936
eth,2012,2431787.58678
fin,1999,336.93462
fin,2000,383.3178
fin,2001,473.15601
fin,2002,309.40137
fin,2003,106.01015
fin,2004,238.66442
fin,2005,310.28774
fin,2006,376.79374
fin,2007,202.39516
fin,2008,232.09188
fin,2009,280.69596
fin,2010,161.76173
fin,2011,220.61785
fin,2012,262.76483
fin,2013,324.13539
fji,1999,2825.2657
fji,2000,3639.60141
fji,2001,2849.62025
fji,2002,3246.59954
fji,2004,1365.71347
fji,2008,1512.8489
fji,2009,1524.72007
fji,2012,616.64517
fji,2013,532.629
fra,2000,14388.21414
gab,2003,14091.19608
geo,2000,581.84605
geo,2001,3094.98768
geo,2002,3512.10546
geo,2003,2893.48412
geo,2004,3139.13751
geo,2005,7667.00194
geo,2006,565.57797
geo,2007,134.94554
geo,2008,2613.07858
geo,2009,2500.67461
geo,2010,1736.58846
geo,2012,3595.48796
geo,2013,82.13468
geo,2014,602.47194
gha,2001,187124.94473
gha,2002,51368.67356
gha,2003,195141.82566
gha,2009,190670.04949
gha,2014,115966.52951
gin,2004,51771.34397
gin,2005,65329.50494
gin,2006,59983.35049
gin,2007,57693.45796
gin,2008,112035.43652
gin,2009,103924.98132
gin,2010,98399.80682
gin,2012,129910.35944
gin,2014,117595.47115
gmb,2000,12735.86162
gmb,2001,10209.60847
gmb,2002,14987.56588
gmb,2004,10504.23742
gmb,2005,14709.49608
gmb,2006,16016.31407
gmb,2008,12852.23367
gmb,2011,17338.23428
gmb,2012,8928.35249
gmb,2013,14945.46799
gmb,2014,14000.65578
gnq,2009,6943.83663
gnq,2010,6063.60045
gnq,2011,7433.89
gnq,2012,4920.81968
grc,2005,2257.69698
grc,2006,2551.49946
grc,2007,2812.7254
grc,2011,7658.4908
grc,2012,6056.31343
grc,2013,10128.16921
gtm,2000,204163.9721
gtm,2001,210149.81556
gtm,2002,169879.55963
gtm,2005,167415.84706
gtm,2006,168617.43654
gtm,2007,175387.38774
gtm,2008,165895.08768
gtm,2009,111494.17484
gtm,2010,143605.77148
gtm,2011,127624.94361
gtm,2012,129014.23457
gtm,2013,126173.46997
gtm,2014,110842.394
guy,2001,8424.94926
guy,2009,2378.96881
guy,2012,1100.35566
hkg,2003,481.48747
hkg,2004,464.18072
hkg,2005,455.0305
hkg,2008,262.34789
hkg,2009,228.68929
hkg,2011,284.94692
hkg,2012,501.77616
hkg,2013,547.85177
hkg,2014,915.85985
hnd,2006,48018.01118
hnd,2008,54697.11463
hnd,2009,62805.75711
hnd,2010,46054.11214
hnd,2011,55728.59589
hnd,2012,64940.34569
hnd,2013,61498.96137
hnd,2014,50502.98785
hrv,1999,263.78805
hrv,2000,284.81559
hrv,2001,228.78783
hrv,2002,222.71635
hrv,2003,217.64874
hrv,2006,234.13233
hrv,2007,242.30464
hrv,2008,796.38311
hrv,2009,427.89705
hrv,2010,371.98417
hrv,2011,272.19926
hrv,2012,227.7046
hun,1999,4979.5956
hun,2000,4378.06381
hun,2001,6516.23301
hun,2002,3867.01621
hun,2003,2947.43424
hun,2004,2800.56706
hun,2005,2005.2415
hun,2006,1915.60903
hun,2007,1948.07901
hun,2008,1305.17788
hun,2009,2217.89044
hun,2010,1846.79698
hun,2013,1967.307
hun,2014,1803.59475
idn,2002,708114.40493
idn,2003,679468.91428
idn,2004,726634.94487
idn,2005,826942.74715
idn,2008,1037959.39755
idn,2009,625198.79923
idn,2010,434065.40427
idn,2011,648789.59383
idn,2012,544186.0943
idn,2013,898745.30343
idn,2014,902820.9848
ind,2000,11336089.50433
ind,2001,12057239.77821
ind,2002,11055421.56405
irn,2001,35085.54721
irn,2002,81460.8936
irn,2003,161691.60502
irn,2009,42135.00553
irn,2010,77688.7933
irn,2011,21996.54678
irn,2012,46399.12062
irq,2000,358193.1112
isl,1999,84.66462
isl,2000,110.99926
isl,2001,46.64324
isl,2002,94.86853
isl,2003,101.2321
isl,2004,96.47193
isl,2005,76.1419
isl,2006,104.01525
isl,2007,292.09445
isl,2010,81.24706
isl,2011,124.62151
isl,2012,88.86569
isr,2002,1022.5686
isr,2003,1071.73044
isr,2004,1454.14439
isr,2005,809.51323
isr,2006,1022.51791
isr,2007,1631.47089
isr,2008,1485.47702
isr,2009,1460.19428
isr,2010,1538.98341
isr,2011,1486.37239
isr,2012,1514.07041
isr,2013,1639.90607
ita,2000,34369.46763
ita,2002,21507.80313
ita,2005,1575.63514
ita,2006,3326.80406
ita,2007,2842.79834
ita,2008,2356.42636
ita,2009,1885.46382
ita,2010,2009.00116
ita,2011,2736.08709
ita,2012,3739.64345
ita,2013,5934.1991
jam,2001,8211.90579
jam,2002,7670.88721
jam,2009,5256.19054
jam,2011,7526.80774
jam,2013,5743.63986
jam,2014,2087.88747
jor,2000,4648.50966
jor,2003,6128.46412
jor,2004,3707.63714
jor,2005,6096.28688
jor,2007,8837.55208
jor,2011,3093.85969
jpn,1999,306.01288
jpn,2000,278.59294
jpn,2001,717.73042
jpn,2002,430.21019
jpn,2003,634.91849
jpn,2004,408.5601
jpn,2005,796.55671
jpn,2006,970.91154
jpn,2007,328.43331
jpn,2009,190.06332
jpn,2010,558.39867
jpn,2011,776.81432
jpn,2012,1784.27239
kaz,2001,15058.67068
kaz,2002,14838.16474
kaz,2003,4645.9864
kaz,2004,798.29843
kaz,2005,1335.41691
kaz,2006,1693.76263
kaz,2007,992.07298
kaz,2008,1369.5173
kaz,2009,2480.63239
kaz,2010,2946.72457
kaz,2011,418.26124
kaz,2012,1219.86215
kaz,2013,2063.39722
kaz,2014,3401.71042
kaz,2015,4116.94939
ken,2004,318638.59653
ken,2005,248911.07541
kgz,2000,6348.79263
kgz,2001,8039.7614
kgz,2002,9184.69908
kgz,2003,7561.70512
kgz,2004,4496.16919
kgz,2005,3201.56488
kgz,2006,1980.4716
kgz,2007,3504.13087
kgz,2008,1630.07993
kgz,2009,3660.67954
kgz,2010,2374.45557
kgz,2011,4817.23111
kgz,2012,3295.03732
kgz,2013,2481.92529
kgz,2014,1373.00852
khm,1999,222305.03406
khm,2001,241369.14215
khm,2002,237239.61072
khm,2003,234406.94483
khm,2004,230063.24302
khm,2005,188009.57946
khm,2006,195323.86691
khm,2007,203397.38941
khm,2008,179611.47386
khm,2011,152718.84104
khm,2012,132661.34515
khm,2013,162968.89058
khm,2014,184338.11095
kir,2002,789.52209
kir,2004,619.13639
kna,2001,262.4843
kna,2008,240.51163
kna,2010,193.52617
kna,2013,54.55054
kor,1999,5437.59079
kor,2000,5512.82365
kor,2001,8212.98132
kor,2002,12183.22179
kor,2003,5061.71115
kor,2004,17947.49497
kor,2005,9451.34644
kor,2006,8391.22402
kor,2007,16086.4967
kor,2008,8745.234
kor,2009,5510.58696
kor,2010,3423.48542
kor,2011,4408.23113
kor,2012,3418.55563
kwt,1999,3055.09093
kwt,2000,2166.76951
kwt,2001,1925.52636
kwt,2002,664.35212
kwt,2003,1006.64231
kwt,2004,637.45637
kwt,2010,1795.54904
kwt,2012,2989.24845
kwt,2013,2218.3771
lao,1999,82487.23373
lao,2000,84932.96826
lao,2001,85863.46925
lao,2002,71927.25783
lao,2003,68485.4763
lao,2004,69021.51145
lao,2005,67772.37456
lao,2006,70425.2485
lao,2007,73874.84288
lao,2008,62929.6761
lao,2009,60009.88904
lao,2010,54630.64733
lao,2011,56775.97559
lao,2012,53753.05504
lao,2013,49292.44668
lao,2014,40334.42306
lbn,2000,6824.47089
lbn,2001,2638.76126
lbn,2002,6688.84977
lbn,2003,8350.87647
lbn,2004,4298.04233
lbn,2005,7504.8925
lbn,2006,8688.52391
lbn,2007,3953.23653
lbn,2008,7541.65444
lbn,2009,5850.35316
lbn,2011,6863.55243
lbn,2012,4852.84464
lbr,2009,47725.4326
lca,2005,184.56476
lca,2009,184.64695
lca,2010,203.49191
lca,2011,201.33659
lca,2012,247.843
lca,2014,240.37886
lie,2008,85.40509
lie,2009,77.17466
lie,2010,87.96735
lka,2002,7215.18223
lka,2003,6135.90919
lka,2006,4154.51324
lka,2007,4591.1209
lka,2011,9273.88171
lka,2012,12225.08401
lka,2013,5503.15116
lka,2014,6404.23488
lso,1999,23546.63375
lso,2000,39735.71899
lso,2001,31461.47562
lso,2002,24705.71202
lso,2003,19464.0429
lso,2004,26478.36375
lso,2005,21384.73484
lso,2006,20494.44791
lso,2007,28219.19454
lso,2008,17861.21838
lso,2009,21998.92659
lso,2010,16135.4012
lso,2011,19078.30113
lso,2012,19543.73596
lso,2013,22183.71048
lso,2014,16981.88222
ltu,1999,597.50767
ltu,2000,440.64726
ltu,2001,668.40254
ltu,2002,725.85974
ltu,2003,868.1674
ltu,2004,586.00786
ltu,2005,746.78641
ltu,2006,1152.83737
ltu,2007,769.48327
ltu,2008,619.34336
ltu,2009,464.31055
ltu,2010,475.09042
ltu,2011,1002.47487
ltu,2012,680.80415
ltu,2013,904.11622
ltu,2014,750.2353
lux,2013,889.35909
lva,2000,926.92655
lva,2001,713.50086
lva,2002,856.27495
lva,2003,468.36753
lva,2004,340.38094
lva,2005,337.30793
lva,2006,403.9496
lva,2007,547.78324
lva,2008,921.1727
lva,2009,853.02582
lva,2010,1055.40807
lva,2011,1340.39033
lva,2012,1835.2317
lva,2013,1495.07729
lva,2014,1325.2578
mar,1999,220044.45516
mar,2000,182081.74827
mar,2001,193957.74903
mar,2002,158199.57685
mar,2003,155824.61657
mar,2004,190437.87445
mar,2005,171831.80983
mar,2006,161731.21068
mar,2007,152531.0288
mar,2008,148590.27937
mar,2009,136634.44727
mar,2010,60487.20649
mar,2011,67312.58975
mar,2012,73656.24869
mar,2013,53219.14675
mar,2014,69171.18057
mda,2000,2838.2286
mda,2001,5830.80285
mda,2002,2497.9379
mda,2003,1898.31684
mda,2004,2085.24646
mda,2005,1546.38346
mda,2006,1178.30772
mda,2007,1415.24684
mda,2008,1616.37665
mda,2009,1688.81194
mda,2010,1682.62743
mda,2011,1624.47292
mda,2012,1512.68542
mda,2013,1907.35374
mda,2014,1764.52353
mdg,1999,308177.3685
mdg,2000,249278.81784
mdg,2001,344174.84337
mdg,2002,382633.8427
mdg,2003,346931.53779
mdg,2004,359857.50074
mdg,2005,567600.13717
mdg,2006,639974.73121
mdg,2007,557928.60935
mdg,2008,592119.10169
mdg,2009,561114.82808
mdg,2010,716220.50862
mdg,2011,671764.5957
mdg,2012,663550.48037
mdg,2013,705733.12523
mdg,2014,721394.79086
mdv,2012,967.40799
mdv,2013,1058.54362
mex,1999,332536.28807
mex,2000,319686.99036
mex,2001,321327.50216
mex,2002,272535.38532
mex,2003,215818.27275
mex,2004,227152.42429
mex,2005,198097.20892
mex,2006,185181.55559
mex,2007,191322.21579
mex,2008,217923.91103
mex,2009,154369.57499
mex,2010,141528.11264
mex,2011,119140.1681
mex,2012,100364.69258
mex,2013,127549.91031
mex,2014,101282.39435
mhl,2006,344.87504
mhl,2007,466.84501
mhl,2008,272.9645
mhl,2009,246.16418
mkd,1999,531.86838
mkd,2000,845.70295
mkd,2001,1015.46236
mkd,2002,727.73622
mkd,2003,1159.92451
mkd,2004,490.46661
mkd,2005,480.14745
mkd,2006,1427.17669
mkd,2007,601.18839
mli,2000,64383.12359
mli,2001,34274.00743
mli,2002,56313.51612
mli,2003,79769.27378
mli,2004,54847.4597
mli,2005,52145.64194
mli,2006,79596.99415
mli,2008,80752.91326
mli,2009,71628.37677
mli,2010,81078.74129
mli,2011,91743.03038
mli,2012,126501.22085
mlt,1999,153.23057
mlt,2000,95.42643
mlt,2001,105.03847
mlt,2002,87.70498
mlt,2003,125.74198
mlt,2007,170.74806
mlt,2008,201.64803
mlt,2009,769.18428
mlt,2011,166.49557
mlt,2012,214.76134
mlt,2013,68.23046
mlt,2014,133.63319
mmr,2001,563111.20292
mmr,2002,513730.6615
mmr,2003,445864.35027
mmr,2004,371213.64508
mmr,2006,334090.75901
mmr,2009,371948.13877
mmr,2010,301607.2988
mne,2012,1436.08343
mng,1999,8698.2234
mng,2000,8549.59843
mng,2001,6895.10848
mng,2002,6694.34083
mng,2003,5126.49969
mng,2004,5572.23247
moz,2000,418358.18978
moz,2001,434868.64315
moz,2002,430985.85232
moz,2005,488057.61314
moz,2006,565511.27911
moz,2007,577276.23161
moz,2008,622191.79417
moz,2009,717836.68151
moz,2010,768852.68933
moz,2011,871686.10154
moz,2012,851540.08129
moz,2013,878016.91464
moz,2014,905935.95402
mrt,1999,29816.58944
mrt,2002,52658.80666
mrt,2005,59023.04017
mrt,2006,56821.92712
mrt,2007,44271.59126
mrt,2009,18702.56565
mrt,2013,40032.86776
mus,1999,402.34635
mus,2000,328.83378
mus,2001,518.16317
mus,2002,736.70222
mus,2003,309.51793
mus,2004,458.94802
mus,2005,806.4566
mus,2006,445.30387
mus,2007,476.18088
mus,2008,523.01268
mus,2009,713.1241
mus,2010,411.4732
mus,2011,471.72194
mus,2012,451.50802
mus,2013,703.86831
mus,2014,280.47503
mwi,1999,384190.61576
mwi,2000,420878.34329
mwi,2002,441836.87582
mwi,2005,428696.00963
mwi,2006,424198.28692
mwi,2007,409494.07797
mwi,2008,267089.01402
mwi,2009,390500.62252
mwi,2010,329823.08294
mwi,2011,351324.0091
mwi,2012,379155.36452
mys,2003,14999.60055
mys,2006,5903.17563
mys,2007,7055.78096
mys,2014,29905.20521
nam,1999,15143.28916
nam,2000,9739.67301
nam,2001,10499.29429
nam,2002,9696.65329
nam,2003,10646.18397
nam,2004,14086.3037
nam,2005,13204.53558
nam,2006,12330.70266
nam,2009,9036.27041
nam,2010,8177.26785
nam,2013,5674.90232
ner,1999,55619.63501
ner,2000,65355.68991
ner,2001,49080.097
ner,2002,71337.70777
ner,2003,73262.97242
ner,2004,74645.08254
ner,2007,84167.71275
ner,2008,89126.2013
ner,2009,136451.00948
ner,2010,177563.47532
ner,2011,144125.37293
ner,2013,197557.68224
ner,2014,181656.44293
nga,2005,1203715.62186
nga,2006,994637.83022
nga,2007,2168494.34979
nga,2008,2055121.71639
nga,2009,834051.63642
nga,2010,857786.26385
nic,2000,110666.66681
nic,2001,99757.45411
nic,2002,75992.21392
nic,2003,96087.19885
nic,2004,90328.37295
nic,2005,100510.39707
nic,2006,113411.2554
nic,2007,125039.36059
nic,2008,104373.20748
nld,2000,3168.92156
nld,2001,2950.57071
nld,2002,3480.07675
nor,1999,670.39098
nor,2000,252.68131
nor,2001,584.41113
nor,2002,615.78404
nor,2003,521.89936
nor,2004,457.39142
nor,2005,100.21075
nor,2006,502.36127
nor,2007,355.65586
nor,2008,627.4688
nor,2009,304.68927
nor,2010,532.9061
nor,2011,428.71651
nor,2012,906.88759
nor,2013,904.28611
nor,2014,262.93298
npl,2000,360432.23484
npl,2003,276599.45312
npl,2004,264249.16619
npl,2005,305244.59428
npl,2008,346536.15695
npl,2013,451146.07769
npl,2014,375902.43856
npl,2015,275737.72194
omn,1999,4030.72832
omn,2000,4156.34639
omn,2001,2762.26257
omn,2002,2393.54098
omn,2003,1311.72934
omn,2012,3519.33877
omn,2013,724.11233
pak,2005,1400305.88769
pak,2009,1792542.99823
pak,2010,1769208.23929
pak,2011,2062185.96916
pak,2012,1736566.39174
pak,2013,1695666.27887
pak,2014,1010371.59211
pan,2000,6847.97286
pan,2001,10289.46792
pan,2002,9306.64926
pan,2005,12864.00459
pan,2006,11457.19622
pan,2007,9119.66516
pan,2008,10848.29096
pan,2009,9416.30246
pan,2010,4399.20269
pan,2011,4256.29418
pan,2012,5729.94668
pan,2013,4762.73734
per,1999,107999.85615
per,2000,119718.44161
per,2001,135431.27324
per,2002,152269.34321
per,2004,101712.94274
per,2005,91455.66742
per,2006,93020.34313
per,2007,63209.42715
per,2008,106572.09726
per,2009,73825.82606
per,2010,59077.38074
per,2011,112605.35545
per,2012,138366.78992
per,2014,51298.18808
phl,1999,757554.49428
phl,2002,638116.34322
phl,2003,701631.11247
phl,2004,727964.72239
phl,2005,752580.37234
phl,2006,752972.10491
phl,2007,711020.93762
phl,2008,682639.08385
phl,2009,679145.1252
pol,2000,8449.34249
pol,2001,3798.42081
pol,2002,8512.08127
pol,2003,3417.5623
pol,2004,983.74573
pol,2005,3153.78323
pol,2006,5990.70459
pol,2007,10067.83549
pol,2009,8684.59618
pol,2010,2329.09385
pol,2011,5237.53388
pry,1999,45999.14644
pry,2000,47270.86333
pry,2003,38233.80305
pry,2004,38510.66277
pry,2005,25346.04588
pry,2006,35758.30667
pry,2007,30155.82852
pry,2008,29731.18277
pry,2009,31672.87962
pry,2010,24292.37035
pry,2011,27476.50064
pry,2012,21012.50897
pse,2000,1360.58651
pse,2001,2197.83949
pse,2002,2392.65118
pse,2003,2008.19608
pse,2004,1880.40471
pse,2005,2512.2956
pse,2007,1465.23147
pse,2008,2088.47056
pse,2011,4064.39551
pse,2012,769.61538
pse,2013,3874.48567
pse,2014,2822.48869
qat,2006,1886.37946
qat,2008,929.68849
qat,2013,439.40268
rou,1999,11996.32035
rou,2000,11105.64365
rou,2001,13611.79691
rou,2002,10249.39071
rou,2003,11175.218
rou,2004,13147.70967
rou,2005,10992.98343
rou,2006,13685.83215
rou,2008,14730.88558
rou,2009,13580.10244
rou,2010,5861.60988
rou,2011,10586.58415
rou,2012,12170.19141
rus,2000,86899.60329
rus,2001,26642.34765
rus,2007,64409.85729
rus,2008,61155.41146
rus,2009,50950.7668
rus,2012,49956.12416
rus,2013,38789.67938
rus,2014,52300.46724
rwa,2001,186207.68035
rwa,2002,218644.1524
rwa,2003,255762.02569
rwa,2004,313902.96643
rwa,2009,323485.95744
rwa,2010,335502.73138
rwa,2012,361373.10665
rwa,2013,345181.95741
sau,2008,37396.17303
sau,2012,7651.80894
sdn,2010,175926.58751
sdn,2012,160684.03813
sdn,2013,169256.9201
sen,2001,83828.57519
sen,2002,98039.44352
sen,2003,75807.70931
sen,2004,78880.35278
sen,2005,105516.764
sen,2006,145367.99895
sen,2008,140197.71472
sen,2009,145706.18343
sen,2010,145258.23384
sen,2011,152300.48724
sen,2012,148263.38216
sgp,2009,614.13346
slb,2011,4422.8152
slb,2012,6556.40864
slb,2013,4737.9599
slb,2014,5310.79011
sle,2013,151629.74526
slv,2001,71519.93497
slv,2002,71348.60906
slv,2003,58755.27861
slv,2006,59923.22049
slv,2007,52437.41343
slv,2008,39090.00839
slv,2009,36173.8373
slv,2010,19082.40371
slv,2011,21003.22984
slv,2012,20461.44818
slv,2013,19611.88581
slv,2014,20451.21223
smr,2009,19.11346
smr,2012,11.52603
srb,2007,1603.78373
srb,2008,1173.61441
srb,2009,1360.34421
srb,2010,1028.66536
srb,2011,1438.93845
srb,2012,1160.81387
srb,2013,546.77115
srb,2014,1163.22009
stp,1999,2224.02468
stp,2003,1900.95817
stp,2004,1753.13817
stp,2005,1433.54649
stp,2008,1253.58292
stp,2010,1803.20547
stp,2015,1196.08557
sur,2006,2762.33828
sur,2007,3283.4667
sur,2009,1021.14369
sur,2014,1413.04339
svk,1999,1859.78941
svk,2000,2255.70561
svk,2001,1917.18923
svk,2002,1117.95177
svk,2003,1393.86462
svk,2004,1372.10191
svk,2005,1477.87371
svk,2006,1420.69489
svk,2007,1149.23294
svk,2008,1338.32566
svk,2009,1121.59137
svk,2010,884.17992
svk,2011,970.46678
svk,2012,1062.52223
svk,2013,924.22188
svk,2014,1094.48451
svn,1999,206.11154
svn,2000,63.46589
svn,2002,351.72844
svn,2003,270.68459
svn,2009,85.80965
svn,2010,174.85959
svn,2011,252.14154
svn,2012,213.77369
svn,2013,74.24229
swe,2000,2071.99021
swe,2001,890.82213
swe,2002,1432.66381
swe,2003,1215.33855
swe,2004,1160.36184
swe,2005,944.22367
swe,2006,1016.38786
swe,2007,662.90488
swe,2008,335.31294
swe,2009,946.10253
swe,2010,580.19518
swe,2011,4528.25485
swe,2013,299.03523
swe,2014,496.16775
swz,1999,11504.2826
swz,2000,10777.40784
swz,2001,12693.10999
swz,2002,12626.53462
swz,2003,11817.52498
swz,2005,8975.10944
swz,2006,5543.99966
swz,2007,8907.18646
swz,2010,5692.48843
swz,2011,10215.16895
swz,2013,7603.04739
syc,2000,66.65602
syc,2001,153.61725
syc,2002,42.19692
syc,2003,30.62744
syc,2004,200.05168
syr,1999,58704.25485
syr,2000,63386.21496
syr,2001,56514.3551
syr,2002,60963.18609
syr,2004,44701.05334
syr,2005,32450.11312
syr,2006,44398.82931
syr,2007,27279.53577
syr,2008,19084.91998
syr,2009,37944.39895
syr,2010,32680.71506
syr,2011,27555.43746
syr,2012,43020.40553
syr,2013,344260.45718
tcd,1999,97684.30683
tcd,2000,100720.36509
tcd,2001,107355.23636
tcd,2002,110588.21448
tcd,2003,122902.08926
tcd,2005,213060.39109
tcd,2006,216161.86002
tcd,2010,305157.19407
tcd,2011,237270.07097
tcd,2012,312723.23041
tcd,2013,267296.56768
tgo,2000,73945.29088
tgo,2001,44944.20593
tgo,2003,55668.08056
tgo,2004,42341.25645
tgo,2005,49083.13065
tgo,2006,34608.64615
tgo,2008,55224.53242
tgo,2010,100225.20159
tgo,2011,114986.66469
tgo,2012,83207.88905
tgo,2013,98377.80459
tgo,2014,130198.83955
tha,2000,181673.11038
tha,2001,62793.40708
tha,2014,55178.11831
tjk,1999,5801.42091
tjk,2000,5581.077
tjk,2001,7251.4434
tjk,2002,2075.16288
tjk,2003,2284.57236
tjk,2004,1925.22108
tjk,2005,3382.89485
tjk,2006,1043.49081
tjk,2007,1786.73529
tjk,2008,1328.41771
tjk,2009,2134.63069
tjk,2010,1906.19642
tjk,2011,1746.50214
tjk,2012,3324.21175
tjk,2014,2730.23844
tjk,2015,2492.5149
tls,2009,11477.1853
tls,2010,15699.98743
tls,2011,6468.49344
tls,2012,7649.57032
tls,2013,8031.65926
tls,2014,6480.42049
ton,2001,255.46726
ton,2005,383.50601
ton,2006,270.297
tto,2001,2048.28532
tto,2004,1228.22767
tto,2005,2952.95575
tto,2008,1427.71822
tto,2009,1262.02082
tto,2010,1982.86446
tun,1999,27493.5039
tun,2000,25578.39833
tun,2001,22552.98143
tun,2002,14405.83721
tun,2003,11130.63526
tun,2004,10900.3294
tun,2005,10739.39841
tun,2007,9158.45646
tun,2008,9494.07147
tun,2009,8674.77101
tun,2010,8666.45324
tun,2013,10428.1747
tun,2014,11333.80095
tur,2004,66988.95948
tur,2005,45381.17924
tur,2006,28996.1652
tur,2007,34182.31764
tur,2008,76856.28346
tur,2009,101003.76357
tur,2010,10405.25118
tur,2011,64600.43028
tur,2012,131234.39843
tza,1999,190513.74951
tza,2000,264505.06629
tza,2001,289367.07666
tza,2002,124617.33734
tza,2004,245599.9395
tza,2005,226650.56391
tza,2006,248257.14468
tza,2007,222022.58227
tza,2009,331330.23671
tza,2010,235392.58285
tza,2013,441462.88021
uga,2001,928940.43403
uga,2002,959079.57934
uga,2003,1046491.48603
uga,2004,1205480.8718
uga,2005,1107114.73158
uga,2007,1047819.27331
uga,2009,1051599.52711
uga,2010,1171010.42167
uga,2011,1229413.12746
ukr,1999,17144.14878
ukr,2000,19926.00272
ukr,2006,9667.91049
ukr,2007,8243.13774
ukr,2008,10446.81514
ukr,2009,8791.1676
ukr,2010,9175.27399
ukr,2011,7577.2048
ukr,2012,7773.12968
ukr,2013,2784.06245
ukr,2014,6622.17467
ury,1999,8863.30068
ury,2001,7772.68563
ury,2002,4804.07031
ury,2003,7744.37419
ury,2004,5879.13901
ury,2005,3448.44365
ury,2006,4090.15833
ury,2007,3411.49847
ury,2008,2992.78494
ury,2009,2570.53347
ury,2010,2587.39203
uzb,2000,3031.21214
uzb,2001,14202.31475
uzb,2002,14377.31063
uzb,2003,19625.42796
uzb,2004,15086.49944
uzb,2005,7746.7859
uzb,2006,8241.14106
uzb,2007,5326.06191
uzb,2008,7809.59511
uzb,2009,7866.31061
uzb,2010,1324.18757
uzb,2011,9269.96999
ven,2000,67858.73416
ven,2002,61922.9972
ven,2003,110273.41143
ven,2004,61966.66633
ven,2005,60211.53523
ven,2006,55837.02866
ven,2007,16799.46186
ven,2008,110744.3955
ven,2009,46106.69179
ven,2010,44583.0451
ven,2011,29695.44221
ven,2012,34638.13571
ven,2013,27684.97894
ven,2014,77859.41098
vnm,2000,341947.80294
vnm,2001,257743.97878
vnm,2002,211201.88028
vnm,2003,244635.04296
vnm,2006,106759.3277
vnm,2011,89745.89984
vnm,2012,36717.5806
vnm,2013,82360.09258
vnm,2014,161229.47514
vut,2000,1931.28259
vut,2007,1754.25968
vut,2008,1527.30873
vut,2009,1799.95106
wsm,2000,525.59298
wsm,2001,533.74239
wsm,2003,570.86165
wsm,2004,644.6213
wsm,2005,775.83662
wsm,2006,806.37843
wsm,2007,601.45285
wsm,2011,1210.83182
wsm,2012,526.9954
xdn,2000,102300.2312
xdn,2002,160198.55484
xdn,2003,95843.74216
xdn,2008,80719.57365
yem,2002,187241.71075
yem,2003,195324.82611
yem,2004,226146.64984
yem,2005,291543.11625
yem,2013,250029.13331
zaf,1999,348123.95107
zaf,2000,411806.85649
zaf,2002,232867.74992
zaf,2003,253045.84638
zaf,2004,270029.31938
zmb,1999,91485.23966
zmb,2000,92797.0325
zmb,2002,49914.98582
zmb,2006,108676.4259
zmb,2007,119317.88756
zmb,2008,106973.91682
zmb,2009,216319.76003
zmb,2013,223928.54011
zwe,1999,114255.07655
zwe,2002,216009.10625
zwe,2003,158172.40313
zwe,2013,93598.63938
